DATAFLOW,LAST UPDATE,freq,unit,sex,age,icd10,geo,TIME_PERIOD,OBS_VALUE,OBS_FLAG
ESTAT:HLTH_CD_ANR(1.0),17/04/20 23:00:00,A,NR,F,TOTAL,C00-C14,AL,2001,14,
ESTAT:HLTH_CD_ANR(1.0),17/04/20 23:00:00,A,NR,F,TOTAL,C00-C14,AL,2002,17,
ESTAT:HLTH_CD_ANR(1.0),17/04/20 23:00:00,A,NR,F,TOTAL,C00-C14,AL,2003,31,
ESTAT:HLTH_CD_ANR(1.0),17/04/20 23:00:00,A,NR,F,TOTAL,C00-C14,AL,2004,25,
ESTAT:HLTH_CD_ANR(1.0),17/04/20 23:00:00,A,NR,F,TOTAL,C00-C14,AL,2010,6,
ESTAT:HLTH_CD_ANR(1.0),17/04/20 23:00:00,A,NR,F,TOTAL,C00-C14,AT,2001,111,
ESTAT:HLTH_CD_ANR(1.0),17/04/20 23:00:00,A,NR,F,TOTAL,C00-C14,AT,2002,100,
ESTAT:HLTH_CD_ANR(1.0),17/04/20 23:00:00,A,NR,F,TOTAL,C00-C14,AT,2003,119,
ESTAT:HLTH_CD_ANR(1.0),17/04/20 23:00:00,A,NR,F,TOTAL,C00-C14,AT,2004,96,
ESTAT:HLTH_CD_ANR(1.0),17/04/20 23:00:00,A,NR,F,TOTAL,C00-C14,AT,2005,109,
ESTAT:HLTH_CD_ANR(1.0),17/04/20 23:00:00,A,NR,F,TOTAL,C00-C14,AT,2006,91,
ESTAT:HLTH_CD_ANR(1.0),17/04/20 23:00:00,A,NR,F,TOTAL,C00-C14,AT,2007,111,
ESTAT:HLTH_CD_ANR(1.0),17/04/20 23:00:00,A,NR,F,TOTAL,C00-C14,AT,2008,122,
ESTAT:HLTH_CD_ANR(1.0),17/04/20 23:00:00,A,NR,F,TOTAL,C00-C14,AT,2009,123,
ESTAT:HLTH_CD_ANR(1.0),17/04/20 23:00:00,A,NR,F,TOTAL,C00-C14,AT,2010,126,
ESTAT:HLTH_CD_ANR(1.0),17/04/20 23:00:00,A,NR,F,TOTAL,C00-C14,BE,2003,105,
ESTAT:HLTH_CD_ANR(1.0),17/04/20 23:00:00,A,NR,F,TOTAL,C00-C14,BE,2004,132,
ESTAT:HLTH_CD_ANR(1.0),17/04/20 23:00:00,A,NR,F,TOTAL,C00-C14,BE,2005,122,
ESTAT:HLTH_CD_ANR(1.0),17/04/20 23:00:00,A,NR,F,TOTAL,C00-C14,BE,2006,119,
ESTAT:HLTH_CD_ANR(1.0),17/04/20 23:00:00,A,NR,F,TOTAL,C00-C14,BE,2007,118,
ESTAT:HLTH_CD_ANR(1.0),17/04/20 23:00:00,A,NR,F,TOTAL,C00-C14,BE,2008,127,
ESTAT:HLTH_CD_ANR(1.0),17/04/20 23:00:00,A,NR,F,TOTAL,C00-C14,BE,2009,120,
ESTAT:HLTH_CD_ANR(1.0),17/04/20 23:00:00,A,NR,F,TOTAL,C00-C14,BE,2010,128,
ESTAT:HLTH_CD_ANR(1.0),17/04/20 23:00:00,A,NR,F,TOTAL,C00-C14,BG,2001,72,
ESTAT:HLTH_CD_ANR(1.0),17/04/20 23:00:00,A,NR,F,TOTAL,C00-C14,BG,2002,64,
ESTAT:HLTH_CD_ANR(1.0),17/04/20 23:00:00,A,NR,F,TOTAL,C00-C14,BG,2003,62,
ESTAT:HLTH_CD_ANR(1.0),17/04/20 23:00:00,A,NR,F,TOTAL,C00-C14,BG,2004,58,
ESTAT:HLTH_CD_ANR(1.0),17/04/20 23:00:00,A,NR,F,TOTAL,C00-C14,BG,2005,118,
ESTAT:HLTH_CD_ANR(1.0),17/04/20 23:00:00,A,NR,F,TOTAL,C00-C14,BG,2006,126,
ESTAT:HLTH_CD_ANR(1.0),17/04/20 23:00:00,A,NR,F,TOTAL,C00-C14,BG,2007,113,
ESTAT:HLTH_CD_ANR(1.0),17/04/20 23:00:00,A,NR,F,TOTAL,C00-C14,BG,2008,81,
ESTAT:HLTH_CD_ANR(1.0),17/04/20 23:00:00,A,NR,F,TOTAL,C00-C14,BG,2009,77,
ESTAT:HLTH_CD_ANR(1.0),17/04/20 23:00:00,A,NR,F,TOTAL,C00-C14,BG,2010,62,
ESTAT:HLTH_CD_ANR(1.0),17/04/20 23:00:00,A,NR,F,TOTAL,C00-C14,CH,2001,95,
ESTAT:HLTH_CD_ANR(1.0),17/04/20 23:00:00,A,NR,F,TOTAL,C00-C14,CH,2002,105,
ESTAT:HLTH_CD_ANR(1.0),17/04/20 23:00:00,A,NR,F,TOTAL,C00-C14,CH,2003,86,
ESTAT:HLTH_CD_ANR(1.0),17/04/20 23:00:00,A,NR,F,TOTAL,C00-C14,CH,2004,75,
ESTAT:HLTH_CD_ANR(1.0),17/04/20 23:00:00,A,NR,F,TOTAL,C00-C14,CH,2005,94,
ESTAT:HLTH_CD_ANR(1.0),17/04/20 23:00:00,A,NR,F,TOTAL,C00-C14,CH,2006,107,
ESTAT:HLTH_CD_ANR(1.0),17/04/20 23:00:00,A,NR,F,TOTAL,C00-C14,CH,2007,102,
ESTAT:HLTH_CD_ANR(1.0),17/04/20 23:00:00,A,NR,F,TOTAL,C00-C14,CH,2008,87,
ESTAT:HLTH_CD_ANR(1.0),17/04/20 23:00:00,A,NR,F,TOTAL,C00-C14,CH,2009,104,
ESTAT:HLTH_CD_ANR(1.0),17/04/20 23:00:00,A,NR,F,TOTAL,C00-C14,CH,2010,100,
ESTAT:HLTH_CD_ANR(1.0),17/04/20 23:00:00,A,NR,F,TOTAL,C00-C14,CY,2004,2,
ESTAT:HLTH_CD_ANR(1.0),17/04/20 23:00:00,A,NR,F,TOTAL,C00-C14,CY,2006,1,
ESTAT:HLTH_CD_ANR(1.0),17/04/20 23:00:00,A,NR,F,TOTAL,C00-C14,CY,2007,1,
ESTAT:HLTH_CD_ANR(1.0),17/04/20 23:00:00,A,NR,F,TOTAL,C00-C14,CY,2008,3,
ESTAT:HLTH_CD_ANR(1.0),17/04/20 23:00:00,A,NR,F,TOTAL,C00-C14,CY,2009,6,
ESTAT:HLTH_CD_ANR(1.0),17/04/20 23:00:00,A,NR,F,TOTAL,C00-C14,CY,2010,4,
ESTAT:HLTH_CD_ANR(1.0),17/04/20 23:00:00,A,NR,F,TOTAL,C00-C14,CZ,2001,105,
ESTAT:HLTH_CD_ANR(1.0),17/04/20 23:00:00,A,NR,F,TOTAL,C00-C14,CZ,2002,100,
ESTAT:HLTH_CD_ANR(1.0),17/04/20 23:00:00,A,NR,F,TOTAL,C00-C14,CZ,2003,121,
ESTAT:HLTH_CD_ANR(1.0),17/04/20 23:00:00,A,NR,F,TOTAL,C00-C14,CZ,2004,105,
ESTAT:HLTH_CD_ANR(1.0),17/04/20 23:00:00,A,NR,F,TOTAL,C00-C14,CZ,2005,121,
ESTAT:HLTH_CD_ANR(1.0),17/04/20 23:00:00,A,NR,F,TOTAL,C00-C14,CZ,2006,148,
ESTAT:HLTH_CD_ANR(1.0),17/04/20 23:00:00,A,NR,F,TOTAL,C00-C14,CZ,2007,143,
ESTAT:HLTH_CD_ANR(1.0),17/04/20 23:00:00,A,NR,F,TOTAL,C00-C14,CZ,2008,150,
ESTAT:HLTH_CD_ANR(1.0),17/04/20 23:00:00,A,NR,F,TOTAL,C00-C14,CZ,2009,132,
ESTAT:HLTH_CD_ANR(1.0),17/04/20 23:00:00,A,NR,F,TOTAL,C00-C14,CZ,2010,150,
ESTAT:HLTH_CD_ANR(1.0),17/04/20 23:00:00,A,NR,F,TOTAL,C00-C14,DE,2001,1056,
ESTAT:HLTH_CD_ANR(1.0),17/04/20 23:00:00,A,NR,F,TOTAL,C00-C14,DE,2002,984,
ESTAT:HLTH_CD_ANR(1.0),17/04/20 23:00:00,A,NR,F,TOTAL,C00-C14,DE,2003,1050,
ESTAT:HLTH_CD_ANR(1.0),17/04/20 23:00:00,A,NR,F,TOTAL,C00-C14,DE,2004,994,
ESTAT:HLTH_CD_ANR(1.0),17/04/20 23:00:00,A,NR,F,TOTAL,C00-C14,DE,2005,1116,
ESTAT:HLTH_CD_ANR(1.0),17/04/20 23:00:00,A,NR,F,TOTAL,C00-C14,DE,2006,1111,
ESTAT:HLTH_CD_ANR(1.0),17/04/20 23:00:00,A,NR,F,TOTAL,C00-C14,DE,2007,1127,
ESTAT:HLTH_CD_ANR(1.0),17/04/20 23:00:00,A,NR,F,TOTAL,C00-C14,DE,2008,1170,
ESTAT:HLTH_CD_ANR(1.0),17/04/20 23:00:00,A,NR,F,TOTAL,C00-C14,DE,2009,1169,
ESTAT:HLTH_CD_ANR(1.0),17/04/20 23:00:00,A,NR,F,TOTAL,C00-C14,DE,2010,1204,
ESTAT:HLTH_CD_ANR(1.0),17/04/20 23:00:00,A,NR,F,TOTAL,C00-C14,DK,2001,89,
ESTAT:HLTH_CD_ANR(1.0),17/04/20 23:00:00,A,NR,F,TOTAL,C00-C14,DK,2002,99,
ESTAT:HLTH_CD_ANR(1.0),17/04/20 23:00:00,A,NR,F,TOTAL,C00-C14,DK,2003,116,
ESTAT:HLTH_CD_ANR(1.0),17/04/20 23:00:00,A,NR,F,TOTAL,C00-C14,DK,2004,76,
ESTAT:HLTH_CD_ANR(1.0),17/04/20 23:00:00,A,NR,F,TOTAL,C00-C14,DK,2005,93,
ESTAT:HLTH_CD_ANR(1.0),17/04/20 23:00:00,A,NR,F,TOTAL,C00-C14,DK,2006,104,
ESTAT:HLTH_CD_ANR(1.0),17/04/20 23:00:00,A,NR,F,TOTAL,C00-C14,DK,2007,103,
ESTAT:HLTH_CD_ANR(1.0),17/04/20 23:00:00,A,NR,F,TOTAL,C00-C14,DK,2008,114,
ESTAT:HLTH_CD_ANR(1.0),17/04/20 23:00:00,A,NR,F,TOTAL,C00-C14,DK,2009,112,
ESTAT:HLTH_CD_ANR(1.0),17/04/20 23:00:00,A,NR,F,TOTAL,C00-C14,EE,2001,23,
ESTAT:HLTH_CD_ANR(1.0),17/04/20 23:00:00,A,NR,F,TOTAL,C00-C14,EE,2002,28,
ESTAT:HLTH_CD_ANR(1.0),17/04/20 23:00:00,A,NR,F,TOTAL,C00-C14,EE,2003,13,
ESTAT:HLTH_CD_ANR(1.0),17/04/20 23:00:00,A,NR,F,TOTAL,C00-C14,EE,2004,22,
ESTAT:HLTH_CD_ANR(1.0),17/04/20 23:00:00,A,NR,F,TOTAL,C00-C14,EE,2005,20,
ESTAT:HLTH_CD_ANR(1.0),17/04/20 23:00:00,A,NR,F,TOTAL,C00-C14,EE,2006,16,
ESTAT:HLTH_CD_ANR(1.0),17/04/20 23:00:00,A,NR,F,TOTAL,C00-C14,EE,2007,8,
ESTAT:HLTH_CD_ANR(1.0),17/04/20 23:00:00,A,NR,F,TOTAL,C00-C14,EE,2008,30,
ESTAT:HLTH_CD_ANR(1.0),17/04/20 23:00:00,A,NR,F,TOTAL,C00-C14,EE,2009,20,
ESTAT:HLTH_CD_ANR(1.0),17/04/20 23:00:00,A,NR,F,TOTAL,C00-C14,EE,2010,26,
ESTAT:HLTH_CD_ANR(1.0),17/04/20 23:00:00,A,NR,F,TOTAL,C00-C14,EL,2001,75,
ESTAT:HLTH_CD_ANR(1.0),17/04/20 23:00:00,A,NR,F,TOTAL,C00-C14,EL,2002,83,
ESTAT:HLTH_CD_ANR(1.0),17/04/20 23:00:00,A,NR,F,TOTAL,C00-C14,EL,2003,84,
ESTAT:HLTH_CD_ANR(1.0),17/04/20 23:00:00,A,NR,F,TOTAL,C00-C14,EL,2004,86,
ESTAT:HLTH_CD_ANR(1.0),17/04/20 23:00:00,A,NR,F,TOTAL,C00-C14,EL,2005,86,
ESTAT:HLTH_CD_ANR(1.0),17/04/20 23:00:00,A,NR,F,TOTAL,C00-C14,EL,2006,94,
ESTAT:HLTH_CD_ANR(1.0),17/04/20 23:00:00,A,NR,F,TOTAL,C00-C14,EL,2007,76,
ESTAT:HLTH_CD_ANR(1.0),17/04/20 23:00:00,A,NR,F,TOTAL,C00-C14,EL,2008,88,
ESTAT:HLTH_CD_ANR(1.0),17/04/20 23:00:00,A,NR,F,TOTAL,C00-C14,EL,2009,65,
ESTAT:HLTH_CD_ANR(1.0),17/04/20 23:00:00,A,NR,F,TOTAL,C00-C14,EL,2010,86,
ESTAT:HLTH_CD_ANR(1.0),17/04/20 23:00:00,A,NR,F,TOTAL,C00-C14,ES,2001,355,
ESTAT:HLTH_CD_ANR(1.0),17/04/20 23:00:00,A,NR,F,TOTAL,C00-C14,ES,2002,403,
ESTAT:HLTH_CD_ANR(1.0),17/04/20 23:00:00,A,NR,F,TOTAL,C00-C14,ES,2003,395,
ESTAT:HLTH_CD_ANR(1.0),17/04/20 23:00:00,A,NR,F,TOTAL,C00-C14,ES,2004,436,
ESTAT:HLTH_CD_ANR(1.0),17/04/20 23:00:00,A,NR,F,TOTAL,C00-C14,ES,2005,441,
ESTAT:HLTH_CD_ANR(1.0),17/04/20 23:00:00,A,NR,F,TOTAL,C00-C14,ES,2006,414,
ESTAT:HLTH_CD_ANR(1.0),17/04/20 23:00:00,A,NR,F,TOTAL,C00-C14,ES,2007,474,
ESTAT:HLTH_CD_ANR(1.0),17/04/20 23:00:00,A,NR,F,TOTAL,C00-C14,ES,2008,433,
ESTAT:HLTH_CD_ANR(1.0),17/04/20 23:00:00,A,NR,F,TOTAL,C00-C14,ES,2009,466,
ESTAT:HLTH_CD_ANR(1.0),17/04/20 23:00:00,A,NR,F,TOTAL,C00-C14,ES,2010,523,
ESTAT:HLTH_CD_ANR(1.0),17/04/20 23:00:00,A,NR,F,TOTAL,C00-C14,EU27_2020,2001,5032,e
ESTAT:HLTH_CD_ANR(1.0),17/04/20 23:00:00,A,NR,F,TOTAL,C00-C14,EU27_2020,2002,5021,e
ESTAT:HLTH_CD_ANR(1.0),17/04/20 23:00:00,A,NR,F,TOTAL,C00-C14,EU27_2020,2003,5088,
ESTAT:HLTH_CD_ANR(1.0),17/04/20 23:00:00,A,NR,F,TOTAL,C00-C14,EU27_2020,2004,5102,e
ESTAT:HLTH_CD_ANR(1.0),17/04/20 23:00:00,A,NR,F,TOTAL,C00-C14,EU27_2020,2005,5324,e
ESTAT:HLTH_CD_ANR(1.0),17/04/20 23:00:00,A,NR,F,TOTAL,C00-C14,EU27_2020,2006,5353,
ESTAT:HLTH_CD_ANR(1.0),17/04/20 23:00:00,A,NR,F,TOTAL,C00-C14,EU27_2020,2007,5572,
ESTAT:HLTH_CD_ANR(1.0),17/04/20 23:00:00,A,NR,F,TOTAL,C00-C14,EU27_2020,2008,5562,
ESTAT:HLTH_CD_ANR(1.0),17/04/20 23:00:00,A,NR,F,TOTAL,C00-C14,EU27_2020,2009,5655,
ESTAT:HLTH_CD_ANR(1.0),17/04/20 23:00:00,A,NR,F,TOTAL,C00-C14,EU27_2020,2010,5822,e
ESTAT:HLTH_CD_ANR(1.0),17/04/20 23:00:00,A,NR,F,TOTAL,C00-C14,EU28,2001,5715,e
ESTAT:HLTH_CD_ANR(1.0),17/04/20 23:00:00,A,NR,F,TOTAL,C00-C14,EU28,2002,5724,e
ESTAT:HLTH_CD_ANR(1.0),17/04/20 23:00:00,A,NR,F,TOTAL,C00-C14,EU28,2003,5770,
ESTAT:HLTH_CD_ANR(1.0),17/04/20 23:00:00,A,NR,F,TOTAL,C00-C14,EU28,2004,5776,e
ESTAT:HLTH_CD_ANR(1.0),17/04/20 23:00:00,A,NR,F,TOTAL,C00-C14,EU28,2005,6011,e
ESTAT:HLTH_CD_ANR(1.0),17/04/20 23:00:00,A,NR,F,TOTAL,C00-C14,EU28,2006,6061,
ESTAT:HLTH_CD_ANR(1.0),17/04/20 23:00:00,A,NR,F,TOTAL,C00-C14,EU28,2007,6259,
ESTAT:HLTH_CD_ANR(1.0),17/04/20 23:00:00,A,NR,F,TOTAL,C00-C14,EU28,2008,6332,
ESTAT:HLTH_CD_ANR(1.0),17/04/20 23:00:00,A,NR,F,TOTAL,C00-C14,EU28,2009,6438,
ESTAT:HLTH_CD_ANR(1.0),17/04/20 23:00:00,A,NR,F,TOTAL,C00-C14,EU28,2010,6608,e
ESTAT:HLTH_CD_ANR(1.0),17/04/20 23:00:00,A,NR,F,TOTAL,C00-C14,FI,2001,64,
ESTAT:HLTH_CD_ANR(1.0),17/04/20 23:00:00,A,NR,F,TOTAL,C00-C14,FI,2002,50,
ESTAT:HLTH_CD_ANR(1.0),17/04/20 23:00:00,A,NR,F,TOTAL,C00-C14,FI,2003,59,
ESTAT:HLTH_CD_ANR(1.0),17/04/20 23:00:00,A,NR,F,TOTAL,C00-C14,FI,2004,47,
ESTAT:HLTH_CD_ANR(1.0),17/04/20 23:00:00,A,NR,F,TOTAL,C00-C14,FI,2005,54,
ESTAT:HLTH_CD_ANR(1.0),17/04/20 23:00:00,A,NR,F,TOTAL,C00-C14,FI,2006,58,
ESTAT:HLTH_CD_ANR(1.0),17/04/20 23:00:00,A,NR,F,TOTAL,C00-C14,FI,2007,68,
ESTAT:HLTH_CD_ANR(1.0),17/04/20 23:00:00,A,NR,F,TOTAL,C00-C14,FI,2008,68,
ESTAT:HLTH_CD_ANR(1.0),17/04/20 23:00:00,A,NR,F,TOTAL,C00-C14,FI,2009,57,
ESTAT:HLTH_CD_ANR(1.0),17/04/20 23:00:00,A,NR,F,TOTAL,C00-C14,FI,2010,72,
ESTAT:HLTH_CD_ANR(1.0),17/04/20 23:00:00,A,NR,F,TOTAL,C00-C14,FR,2001,738,
ESTAT:HLTH_CD_ANR(1.0),17/04/20 23:00:00,A,NR,F,TOTAL,C00-C14,FR,2002,796,
ESTAT:HLTH_CD_ANR(1.0),17/04/20 23:00:00,A,NR,F,TOTAL,C00-C14,FR,2003,707,
ESTAT:HLTH_CD_ANR(1.0),17/04/20 23:00:00,A,NR,F,TOTAL,C00-C14,FR,2004,740,
ESTAT:HLTH_CD_ANR(1.0),17/04/20 23:00:00,A,NR,F,TOTAL,C00-C14,FR,2005,754,
ESTAT:HLTH_CD_ANR(1.0),17/04/20 23:00:00,A,NR,F,TOTAL,C00-C14,FR,2006,734,
ESTAT:HLTH_CD_ANR(1.0),17/04/20 23:00:00,A,NR,F,TOTAL,C00-C14,FR,2007,733,
ESTAT:HLTH_CD_ANR(1.0),17/04/20 23:00:00,A,NR,F,TOTAL,C00-C14,FR,2008,762,
ESTAT:HLTH_CD_ANR(1.0),17/04/20 23:00:00,A,NR,F,TOTAL,C00-C14,FR,2009,790,
ESTAT:HLTH_CD_ANR(1.0),17/04/20 23:00:00,A,NR,F,TOTAL,C00-C14,FR,2010,782,
ESTAT:HLTH_CD_ANR(1.0),17/04/20 23:00:00,A,NR,F,TOTAL,C00-C14,FX,2001,725,
ESTAT:HLTH_CD_ANR(1.0),17/04/20 23:00:00,A,NR,F,TOTAL,C00-C14,FX,2002,785,
ESTAT:HLTH_CD_ANR(1.0),17/04/20 23:00:00,A,NR,F,TOTAL,C00-C14,FX,2003,700,
ESTAT:HLTH_CD_ANR(1.0),17/04/20 23:00:00,A,NR,F,TOTAL,C00-C14,FX,2004,727,
ESTAT:HLTH_CD_ANR(1.0),17/04/20 23:00:00,A,NR,F,TOTAL,C00-C14,FX,2005,746,
ESTAT:HLTH_CD_ANR(1.0),17/04/20 23:00:00,A,NR,F,TOTAL,C00-C14,FX,2006,720,
ESTAT:HLTH_CD_ANR(1.0),17/04/20 23:00:00,A,NR,F,TOTAL,C00-C14,FX,2007,720,
ESTAT:HLTH_CD_ANR(1.0),17/04/20 23:00:00,A,NR,F,TOTAL,C00-C14,FX,2008,750,
ESTAT:HLTH_CD_ANR(1.0),17/04/20 23:00:00,A,NR,F,TOTAL,C00-C14,FX,2009,782,
ESTAT:HLTH_CD_ANR(1.0),17/04/20 23:00:00,A,NR,F,TOTAL,C00-C14,FX,2010,768,
ESTAT:HLTH_CD_ANR(1.0),17/04/20 23:00:00,A,NR,F,TOTAL,C00-C14,HR,2001,45,
ESTAT:HLTH_CD_ANR(1.0),17/04/20 23:00:00,A,NR,F,TOTAL,C00-C14,HR,2002,35,
ESTAT:HLTH_CD_ANR(1.0),17/04/20 23:00:00,A,NR,F,TOTAL,C00-C14,HR,2003,66,
ESTAT:HLTH_CD_ANR(1.0),17/04/20 23:00:00,A,NR,F,TOTAL,C00-C14,HR,2004,44,
ESTAT:HLTH_CD_ANR(1.0),17/04/20 23:00:00,A,NR,F,TOTAL,C00-C14,HR,2005,63,
ESTAT:HLTH_CD_ANR(1.0),17/04/20 23:00:00,A,NR,F,TOTAL,C00-C14,HR,2006,41,
ESTAT:HLTH_CD_ANR(1.0),17/04/20 23:00:00,A,NR,F,TOTAL,C00-C14,HR,2007,44,
ESTAT:HLTH_CD_ANR(1.0),17/04/20 23:00:00,A,NR,F,TOTAL,C00-C14,HR,2008,45,
ESTAT:HLTH_CD_ANR(1.0),17/04/20 23:00:00,A,NR,F,TOTAL,C00-C14,HR,2009,53,
ESTAT:HLTH_CD_ANR(1.0),17/04/20 23:00:00,A,NR,F,TOTAL,C00-C14,HR,2010,70,
ESTAT:HLTH_CD_ANR(1.0),17/04/20 23:00:00,A,NR,F,TOTAL,C00-C14,HU,2001,305,
ESTAT:HLTH_CD_ANR(1.0),17/04/20 23:00:00,A,NR,F,TOTAL,C00-C14,HU,2002,282,
ESTAT:HLTH_CD_ANR(1.0),17/04/20 23:00:00,A,NR,F,TOTAL,C00-C14,HU,2003,304,
ESTAT:HLTH_CD_ANR(1.0),17/04/20 23:00:00,A,NR,F,TOTAL,C00-C14,HU,2004,274,
ESTAT:HLTH_CD_ANR(1.0),17/04/20 23:00:00,A,NR,F,TOTAL,C00-C14,HU,2005,269,
ESTAT:HLTH_CD_ANR(1.0),17/04/20 23:00:00,A,NR,F,TOTAL,C00-C14,HU,2006,246,
ESTAT:HLTH_CD_ANR(1.0),17/04/20 23:00:00,A,NR,F,TOTAL,C00-C14,HU,2007,289,
ESTAT:HLTH_CD_ANR(1.0),17/04/20 23:00:00,A,NR,F,TOTAL,C00-C14,HU,2008,287,
ESTAT:HLTH_CD_ANR(1.0),17/04/20 23:00:00,A,NR,F,TOTAL,C00-C14,HU,2009,276,
ESTAT:HLTH_CD_ANR(1.0),17/04/20 23:00:00,A,NR,F,TOTAL,C00-C14,HU,2010,292,
ESTAT:HLTH_CD_ANR(1.0),17/04/20 23:00:00,A,NR,F,TOTAL,C00-C14,IE,2001,33,
ESTAT:HLTH_CD_ANR(1.0),17/04/20 23:00:00,A,NR,F,TOTAL,C00-C14,IE,2002,35,
ESTAT:HLTH_CD_ANR(1.0),17/04/20 23:00:00,A,NR,F,TOTAL,C00-C14,IE,2003,36,
ESTAT:HLTH_CD_ANR(1.0),17/04/20 23:00:00,A,NR,F,TOTAL,C00-C14,IE,2004,43,
ESTAT:HLTH_CD_ANR(1.0),17/04/20 23:00:00,A,NR,F,TOTAL,C00-C14,IE,2005,38,
ESTAT:HLTH_CD_ANR(1.0),17/04/20 23:00:00,A,NR,F,TOTAL,C00-C14,IE,2006,44,
ESTAT:HLTH_CD_ANR(1.0),17/04/20 23:00:00,A,NR,F,TOTAL,C00-C14,IE,2007,37,
ESTAT:HLTH_CD_ANR(1.0),17/04/20 23:00:00,A,NR,F,TOTAL,C00-C14,IE,2008,25,
ESTAT:HLTH_CD_ANR(1.0),17/04/20 23:00:00,A,NR,F,TOTAL,C00-C14,IE,2009,33,
ESTAT:HLTH_CD_ANR(1.0),17/04/20 23:00:00,A,NR,F,TOTAL,C00-C14,IE,2010,48,
ESTAT:HLTH_CD_ANR(1.0),17/04/20 23:00:00,A,NR,F,TOTAL,C00-C14,IS,2001,9,
ESTAT:HLTH_CD_ANR(1.0),17/04/20 23:00:00,A,NR,F,TOTAL,C00-C14,IS,2002,3,
ESTAT:HLTH_CD_ANR(1.0),17/04/20 23:00:00,A,NR,F,TOTAL,C00-C14,IS,2003,3,
ESTAT:HLTH_CD_ANR(1.0),17/04/20 23:00:00,A,NR,F,TOTAL,C00-C14,IS,2004,3,
ESTAT:HLTH_CD_ANR(1.0),17/04/20 23:00:00,A,NR,F,TOTAL,C00-C14,IS,2005,1,
ESTAT:HLTH_CD_ANR(1.0),17/04/20 23:00:00,A,NR,F,TOTAL,C00-C14,IS,2006,3,
ESTAT:HLTH_CD_ANR(1.0),17/04/20 23:00:00,A,NR,F,TOTAL,C00-C14,IS,2007,4,
ESTAT:HLTH_CD_ANR(1.0),17/04/20 23:00:00,A,NR,F,TOTAL,C00-C14,IS,2008,3,
ESTAT:HLTH_CD_ANR(1.0),17/04/20 23:00:00,A,NR,F,TOTAL,C00-C14,IS,2009,7,
ESTAT:HLTH_CD_ANR(1.0),17/04/20 23:00:00,A,NR,F,TOTAL,C00-C14,IT,2001,711,
ESTAT:HLTH_CD_ANR(1.0),17/04/20 23:00:00,A,NR,F,TOTAL,C00-C14,IT,2002,737,
ESTAT:HLTH_CD_ANR(1.0),17/04/20 23:00:00,A,NR,F,TOTAL,C00-C14,IT,2003,713,
ESTAT:HLTH_CD_ANR(1.0),17/04/20 23:00:00,A,NR,F,TOTAL,C00-C14,IT,2006,759,
ESTAT:HLTH_CD_ANR(1.0),17/04/20 23:00:00,A,NR,F,TOTAL,C00-C14,IT,2007,772,
ESTAT:HLTH_CD_ANR(1.0),17/04/20 23:00:00,A,NR,F,TOTAL,C00-C14,IT,2008,791,
ESTAT:HLTH_CD_ANR(1.0),17/04/20 23:00:00,A,NR,F,TOTAL,C00-C14,IT,2009,814,
ESTAT:HLTH_CD_ANR(1.0),17/04/20 23:00:00,A,NR,F,TOTAL,C00-C14,IT,2010,812,
ESTAT:HLTH_CD_ANR(1.0),17/04/20 23:00:00,A,NR,F,TOTAL,C00-C14,LT,2001,35,
ESTAT:HLTH_CD_ANR(1.0),17/04/20 23:00:00,A,NR,F,TOTAL,C00-C14,LT,2002,33,
ESTAT:HLTH_CD_ANR(1.0),17/04/20 23:00:00,A,NR,F,TOTAL,C00-C14,LT,2003,33,
ESTAT:HLTH_CD_ANR(1.0),17/04/20 23:00:00,A,NR,F,TOTAL,C00-C14,LT,2004,23,
ESTAT:HLTH_CD_ANR(1.0),17/04/20 23:00:00,A,NR,F,TOTAL,C00-C14,LT,2005,34,
ESTAT:HLTH_CD_ANR(1.0),17/04/20 23:00:00,A,NR,F,TOTAL,C00-C14,LT,2006,37,
ESTAT:HLTH_CD_ANR(1.0),17/04/20 23:00:00,A,NR,F,TOTAL,C00-C14,LT,2007,35,
ESTAT:HLTH_CD_ANR(1.0),17/04/20 23:00:00,A,NR,F,TOTAL,C00-C14,LT,2008,30,
ESTAT:HLTH_CD_ANR(1.0),17/04/20 23:00:00,A,NR,F,TOTAL,C00-C14,LT,2009,39,
ESTAT:HLTH_CD_ANR(1.0),17/04/20 23:00:00,A,NR,F,TOTAL,C00-C14,LT,2010,48,
ESTAT:HLTH_CD_ANR(1.0),17/04/20 23:00:00,A,NR,F,TOTAL,C00-C14,LU,2001,5,
ESTAT:HLTH_CD_ANR(1.0),17/04/20 23:00:00,A,NR,F,TOTAL,C00-C14,LU,2002,5,
ESTAT:HLTH_CD_ANR(1.0),17/04/20 23:00:00,A,NR,F,TOTAL,C00-C14,LU,2003,7,
ESTAT:HLTH_CD_ANR(1.0),17/04/20 23:00:00,A,NR,F,TOTAL,C00-C14,LU,2004,6,
ESTAT:HLTH_CD_ANR(1.0),17/04/20 23:00:00,A,NR,F,TOTAL,C00-C14,LU,2005,3,
ESTAT:HLTH_CD_ANR(1.0),17/04/20 23:00:00,A,NR,F,TOTAL,C00-C14,LU,2007,5,
ESTAT:HLTH_CD_ANR(1.0),17/04/20 23:00:00,A,NR,F,TOTAL,C00-C14,LU,2008,5,
ESTAT:HLTH_CD_ANR(1.0),17/04/20 23:00:00,A,NR,F,TOTAL,C00-C14,LU,2009,7,
ESTAT:HLTH_CD_ANR(1.0),17/04/20 23:00:00,A,NR,F,TOTAL,C00-C14,LU,2010,3,
ESTAT:HLTH_CD_ANR(1.0),17/04/20 23:00:00,A,NR,F,TOTAL,C00-C14,LV,2001,32,
ESTAT:HLTH_CD_ANR(1.0),17/04/20 23:00:00,A,NR,F,TOTAL,C00-C14,LV,2002,22,
ESTAT:HLTH_CD_ANR(1.0),17/04/20 23:00:00,A,NR,F,TOTAL,C00-C14,LV,2003,22,
ESTAT:HLTH_CD_ANR(1.0),17/04/20 23:00:00,A,NR,F,TOTAL,C00-C14,LV,2004,29,
ESTAT:HLTH_CD_ANR(1.0),17/04/20 23:00:00,A,NR,F,TOTAL,C00-C14,LV,2005,29,
ESTAT:HLTH_CD_ANR(1.0),17/04/20 23:00:00,A,NR,F,TOTAL,C00-C14,LV,2006,27,
ESTAT:HLTH_CD_ANR(1.0),17/04/20 23:00:00,A,NR,F,TOTAL,C00-C14,LV,2007,38,
ESTAT:HLTH_CD_ANR(1.0),17/04/20 23:00:00,A,NR,F,TOTAL,C00-C14,LV,2008,28,
ESTAT:HLTH_CD_ANR(1.0),17/04/20 23:00:00,A,NR,F,TOTAL,C00-C14,LV,2009,30,
ESTAT:HLTH_CD_ANR(1.0),17/04/20 23:00:00,A,NR,F,TOTAL,C00-C14,LV,2010,33,
ESTAT:HLTH_CD_ANR(1.0),17/04/20 23:00:00,A,NR,F,TOTAL,C00-C14,MK,2001,12,
ESTAT:HLTH_CD_ANR(1.0),17/04/20 23:00:00,A,NR,F,TOTAL,C00-C14,MK,2002,9,
ESTAT:HLTH_CD_ANR(1.0),17/04/20 23:00:00,A,NR,F,TOTAL,C00-C14,MK,2003,10,
ESTAT:HLTH_CD_ANR(1.0),17/04/20 23:00:00,A,NR,F,TOTAL,C00-C14,MK,2004,14,
ESTAT:HLTH_CD_ANR(1.0),17/04/20 23:00:00,A,NR,F,TOTAL,C00-C14,MK,2005,12,
ESTAT:HLTH_CD_ANR(1.0),17/04/20 23:00:00,A,NR,F,TOTAL,C00-C14,MK,2006,12,
ESTAT:HLTH_CD_ANR(1.0),17/04/20 23:00:00,A,NR,F,TOTAL,C00-C14,MK,2007,13,
ESTAT:HLTH_CD_ANR(1.0),17/04/20 23:00:00,A,NR,F,TOTAL,C00-C14,MK,2008,18,
ESTAT:HLTH_CD_ANR(1.0),17/04/20 23:00:00,A,NR,F,TOTAL,C00-C14,MK,2009,12,
ESTAT:HLTH_CD_ANR(1.0),17/04/20 23:00:00,A,NR,F,TOTAL,C00-C14,MK,2010,17,
ESTAT:HLTH_CD_ANR(1.0),17/04/20 23:00:00,A,NR,F,TOTAL,C00-C14,MT,2001,1,
ESTAT:HLTH_CD_ANR(1.0),17/04/20 23:00:00,A,NR,F,TOTAL,C00-C14,MT,2002,2,
ESTAT:HLTH_CD_ANR(1.0),17/04/20 23:00:00,A,NR,F,TOTAL,C00-C14,MT,2003,2,
ESTAT:HLTH_CD_ANR(1.0),17/04/20 23:00:00,A,NR,F,TOTAL,C00-C14,MT,2004,5,
ESTAT:HLTH_CD_ANR(1.0),17/04/20 23:00:00,A,NR,F,TOTAL,C00-C14,MT,2005,6,
ESTAT:HLTH_CD_ANR(1.0),17/04/20 23:00:00,A,NR,F,TOTAL,C00-C14,MT,2006,3,
ESTAT:HLTH_CD_ANR(1.0),17/04/20 23:00:00,A,NR,F,TOTAL,C00-C14,MT,2007,6,
ESTAT:HLTH_CD_ANR(1.0),17/04/20 23:00:00,A,NR,F,TOTAL,C00-C14,MT,2008,5,
ESTAT:HLTH_CD_ANR(1.0),17/04/20 23:00:00,A,NR,F,TOTAL,C00-C14,MT,2009,5,
ESTAT:HLTH_CD_ANR(1.0),17/04/20 23:00:00,A,NR,F,TOTAL,C00-C14,MT,2010,7,
ESTAT:HLTH_CD_ANR(1.0),17/04/20 23:00:00,A,NR,F,TOTAL,C00-C14,NL,2001,168,
ESTAT:HLTH_CD_ANR(1.0),17/04/20 23:00:00,A,NR,F,TOTAL,C00-C14,NL,2002,200,
ESTAT:HLTH_CD_ANR(1.0),17/04/20 23:00:00,A,NR,F,TOTAL,C00-C14,NL,2003,204,
ESTAT:HLTH_CD_ANR(1.0),17/04/20 23:00:00,A,NR,F,TOTAL,C00-C14,NL,2004,214,
ESTAT:HLTH_CD_ANR(1.0),17/04/20 23:00:00,A,NR,F,TOTAL,C00-C14,NL,2005,196,
ESTAT:HLTH_CD_ANR(1.0),17/04/20 23:00:00,A,NR,F,TOTAL,C00-C14,NL,2006,175,
ESTAT:HLTH_CD_ANR(1.0),17/04/20 23:00:00,A,NR,F,TOTAL,C00-C14,NL,2007,185,
ESTAT:HLTH_CD_ANR(1.0),17/04/20 23:00:00,A,NR,F,TOTAL,C00-C14,NL,2008,181,
ESTAT:HLTH_CD_ANR(1.0),17/04/20 23:00:00,A,NR,F,TOTAL,C00-C14,NL,2009,221,
ESTAT:HLTH_CD_ANR(1.0),17/04/20 23:00:00,A,NR,F,TOTAL,C00-C14,NL,2010,192,
ESTAT:HLTH_CD_ANR(1.0),17/04/20 23:00:00,A,NR,F,TOTAL,C00-C14,NO,2001,57,
ESTAT:HLTH_CD_ANR(1.0),17/04/20 23:00:00,A,NR,F,TOTAL,C00-C14,NO,2002,56,
ESTAT:HLTH_CD_ANR(1.0),17/04/20 23:00:00,A,NR,F,TOTAL,C00-C14,NO,2003,42,
ESTAT:HLTH_CD_ANR(1.0),17/04/20 23:00:00,A,NR,F,TOTAL,C00-C14,NO,2004,50,
ESTAT:HLTH_CD_ANR(1.0),17/04/20 23:00:00,A,NR,F,TOTAL,C00-C14,NO,2005,51,
ESTAT:HLTH_CD_ANR(1.0),17/04/20 23:00:00,A,NR,F,TOTAL,C00-C14,NO,2006,55,
ESTAT:HLTH_CD_ANR(1.0),17/04/20 23:00:00,A,NR,F,TOTAL,C00-C14,NO,2007,54,
ESTAT:HLTH_CD_ANR(1.0),17/04/20 23:00:00,A,NR,F,TOTAL,C00-C14,NO,2008,35,
ESTAT:HLTH_CD_ANR(1.0),17/04/20 23:00:00,A,NR,F,TOTAL,C00-C14,NO,2009,43,
ESTAT:HLTH_CD_ANR(1.0),17/04/20 23:00:00,A,NR,F,TOTAL,C00-C14,NO,2010,47,
ESTAT:HLTH_CD_ANR(1.0),17/04/20 23:00:00,A,NR,F,TOTAL,C00-C14,PL,2001,384,
ESTAT:HLTH_CD_ANR(1.0),17/04/20 23:00:00,A,NR,F,TOTAL,C00-C14,PL,2002,362,
ESTAT:HLTH_CD_ANR(1.0),17/04/20 23:00:00,A,NR,F,TOTAL,C00-C14,PL,2003,373,
ESTAT:HLTH_CD_ANR(1.0),17/04/20 23:00:00,A,NR,F,TOTAL,C00-C14,PL,2004,440,
ESTAT:HLTH_CD_ANR(1.0),17/04/20 23:00:00,A,NR,F,TOTAL,C00-C14,PL,2005,426,
ESTAT:HLTH_CD_ANR(1.0),17/04/20 23:00:00,A,NR,F,TOTAL,C00-C14,PL,2006,475,
ESTAT:HLTH_CD_ANR(1.0),17/04/20 23:00:00,A,NR,F,TOTAL,C00-C14,PL,2007,475,
ESTAT:HLTH_CD_ANR(1.0),17/04/20 23:00:00,A,NR,F,TOTAL,C00-C14,PL,2008,507,
ESTAT:HLTH_CD_ANR(1.0),17/04/20 23:00:00,A,NR,F,TOTAL,C00-C14,PL,2009,489,
ESTAT:HLTH_CD_ANR(1.0),17/04/20 23:00:00,A,NR,F,TOTAL,C00-C14,PL,2010,464,
ESTAT:HLTH_CD_ANR(1.0),17/04/20 23:00:00,A,NR,F,TOTAL,C00-C14,PT,2001,87,
ESTAT:HLTH_CD_ANR(1.0),17/04/20 23:00:00,A,NR,F,TOTAL,C00-C14,PT,2002,94,
ESTAT:HLTH_CD_ANR(1.0),17/04/20 23:00:00,A,NR,F,TOTAL,C00-C14,PT,2003,90,
ESTAT:HLTH_CD_ANR(1.0),17/04/20 23:00:00,A,NR,F,TOTAL,C00-C14,PT,2004,96,
ESTAT:HLTH_CD_ANR(1.0),17/04/20 23:00:00,A,NR,F,TOTAL,C00-C14,PT,2005,94,
ESTAT:HLTH_CD_ANR(1.0),17/04/20 23:00:00,A,NR,F,TOTAL,C00-C14,PT,2006,94,
ESTAT:HLTH_CD_ANR(1.0),17/04/20 23:00:00,A,NR,F,TOTAL,C00-C14,PT,2007,120,
ESTAT:HLTH_CD_ANR(1.0),17/04/20 23:00:00,A,NR,F,TOTAL,C00-C14,PT,2008,116,
ESTAT:HLTH_CD_ANR(1.0),17/04/20 23:00:00,A,NR,F,TOTAL,C00-C14,PT,2009,125,
ESTAT:HLTH_CD_ANR(1.0),17/04/20 23:00:00,A,NR,F,TOTAL,C00-C14,PT,2010,113,
ESTAT:HLTH_CD_ANR(1.0),17/04/20 23:00:00,A,NR,F,TOTAL,C00-C14,RO,2001,246,
ESTAT:HLTH_CD_ANR(1.0),17/04/20 23:00:00,A,NR,F,TOTAL,C00-C14,RO,2002,229,
ESTAT:HLTH_CD_ANR(1.0),17/04/20 23:00:00,A,NR,F,TOTAL,C00-C14,RO,2003,228,
ESTAT:HLTH_CD_ANR(1.0),17/04/20 23:00:00,A,NR,F,TOTAL,C00-C14,RO,2004,236,
ESTAT:HLTH_CD_ANR(1.0),17/04/20 23:00:00,A,NR,F,TOTAL,C00-C14,RO,2005,228,
ESTAT:HLTH_CD_ANR(1.0),17/04/20 23:00:00,A,NR,F,TOTAL,C00-C14,RO,2006,252,
ESTAT:HLTH_CD_ANR(1.0),17/04/20 23:00:00,A,NR,F,TOTAL,C00-C14,RO,2007,258,
ESTAT:HLTH_CD_ANR(1.0),17/04/20 23:00:00,A,NR,F,TOTAL,C00-C14,RO,2008,199,
ESTAT:HLTH_CD_ANR(1.0),17/04/20 23:00:00,A,NR,F,TOTAL,C00-C14,RO,2009,231,
ESTAT:HLTH_CD_ANR(1.0),17/04/20 23:00:00,A,NR,F,TOTAL,C00-C14,RO,2010,248,
ESTAT:HLTH_CD_ANR(1.0),17/04/20 23:00:00,A,NR,F,TOTAL,C00-C14,SE,2001,87,
ESTAT:HLTH_CD_ANR(1.0),17/04/20 23:00:00,A,NR,F,TOTAL,C00-C14,SE,2002,87,
ESTAT:HLTH_CD_ANR(1.0),17/04/20 23:00:00,A,NR,F,TOTAL,C00-C14,SE,2003,95,
ESTAT:HLTH_CD_ANR(1.0),17/04/20 23:00:00,A,NR,F,TOTAL,C00-C14,SE,2004,116,
ESTAT:HLTH_CD_ANR(1.0),17/04/20 23:00:00,A,NR,F,TOTAL,C00-C14,SE,2005,107,
ESTAT:HLTH_CD_ANR(1.0),17/04/20 23:00:00,A,NR,F,TOTAL,C00-C14,SE,2006,106,
ESTAT:HLTH_CD_ANR(1.0),17/04/20 23:00:00,A,NR,F,TOTAL,C00-C14,SE,2007,127,
ESTAT:HLTH_CD_ANR(1.0),17/04/20 23:00:00,A,NR,F,TOTAL,C00-C14,SE,2008,111,
ESTAT:HLTH_CD_ANR(1.0),17/04/20 23:00:00,A,NR,F,TOTAL,C00-C14,SE,2009,100,
ESTAT:HLTH_CD_ANR(1.0),17/04/20 23:00:00,A,NR,F,TOTAL,C00-C14,SE,2010,112,
ESTAT:HLTH_CD_ANR(1.0),17/04/20 23:00:00,A,NR,F,TOTAL,C00-C14,SI,2001,22,
ESTAT:HLTH_CD_ANR(1.0),17/04/20 23:00:00,A,NR,F,TOTAL,C00-C14,SI,2002,21,
ESTAT:HLTH_CD_ANR(1.0),17/04/20 23:00:00,A,NR,F,TOTAL,C00-C14,SI,2003,21,
ESTAT:HLTH_CD_ANR(1.0),17/04/20 23:00:00,A,NR,F,TOTAL,C00-C14,SI,2004,19,
ESTAT:HLTH_CD_ANR(1.0),17/04/20 23:00:00,A,NR,F,TOTAL,C00-C14,SI,2005,17,
ESTAT:HLTH_CD_ANR(1.0),17/04/20 23:00:00,A,NR,F,TOTAL,C00-C14,SI,2006,23,
ESTAT:HLTH_CD_ANR(1.0),17/04/20 23:00:00,A,NR,F,TOTAL,C00-C14,SI,2007,24,
ESTAT:HLTH_CD_ANR(1.0),17/04/20 23:00:00,A,NR,F,TOTAL,C00-C14,SI,2008,23,
ESTAT:HLTH_CD_ANR(1.0),17/04/20 23:00:00,A,NR,F,TOTAL,C00-C14,SI,2009,24,
ESTAT:HLTH_CD_ANR(1.0),17/04/20 23:00:00,A,NR,F,TOTAL,C00-C14,SI,2010,31,
ESTAT:HLTH_CD_ANR(1.0),17/04/20 23:00:00,A,NR,F,TOTAL,C00-C14,SK,2001,61,
ESTAT:HLTH_CD_ANR(1.0),17/04/20 23:00:00,A,NR,F,TOTAL,C00-C14,SK,2002,48,
ESTAT:HLTH_CD_ANR(1.0),17/04/20 23:00:00,A,NR,F,TOTAL,C00-C14,SK,2003,62,
ESTAT:HLTH_CD_ANR(1.0),17/04/20 23:00:00,A,NR,F,TOTAL,C00-C14,SK,2004,50,
ESTAT:HLTH_CD_ANR(1.0),17/04/20 23:00:00,A,NR,F,TOTAL,C00-C14,SK,2005,67,
ESTAT:HLTH_CD_ANR(1.0),17/04/20 23:00:00,A,NR,F,TOTAL,C00-C14,SK,2006,55,
ESTAT:HLTH_CD_ANR(1.0),17/04/20 23:00:00,A,NR,F,TOTAL,C00-C14,SK,2007,82,
ESTAT:HLTH_CD_ANR(1.0),17/04/20 23:00:00,A,NR,F,TOTAL,C00-C14,SK,2008,61,
ESTAT:HLTH_CD_ANR(1.0),17/04/20 23:00:00,A,NR,F,TOTAL,C00-C14,SK,2009,71,
ESTAT:HLTH_CD_ANR(1.0),17/04/20 23:00:00,A,NR,F,TOTAL,C00-C14,SK,2010,74,
ESTAT:HLTH_CD_ANR(1.0),17/04/20 23:00:00,A,NR,F,TOTAL,C00-C14,UK,2001,683,
ESTAT:HLTH_CD_ANR(1.0),17/04/20 23:00:00,A,NR,F,TOTAL,C00-C14,UK,2002,703,
ESTAT:HLTH_CD_ANR(1.0),17/04/20 23:00:00,A,NR,F,TOTAL,C00-C14,UK,2003,682,
ESTAT:HLTH_CD_ANR(1.0),17/04/20 23:00:00,A,NR,F,TOTAL,C00-C14,UK,2004,674,
ESTAT:HLTH_CD_ANR(1.0),17/04/20 23:00:00,A,NR,F,TOTAL,C00-C14,UK,2005,687,
ESTAT:HLTH_CD_ANR(1.0),17/04/20 23:00:00,A,NR,F,TOTAL,C00-C14,UK,2006,708,
ESTAT:HLTH_CD_ANR(1.0),17/04/20 23:00:00,A,NR,F,TOTAL,C00-C14,UK,2007,687,
ESTAT:HLTH_CD_ANR(1.0),17/04/20 23:00:00,A,NR,F,TOTAL,C00-C14,UK,2008,770,
ESTAT:HLTH_CD_ANR(1.0),17/04/20 23:00:00,A,NR,F,TOTAL,C00-C14,UK,2009,783,
ESTAT:HLTH_CD_ANR(1.0),17/04/20 23:00:00,A,NR,F,TOTAL,C00-C14,UK,2010,786,
ESTAT:HLTH_CD_ANR(1.0),17/04/20 23:00:00,A,NR,M,TOTAL,C00-C14,AL,2001,31,
ESTAT:HLTH_CD_ANR(1.0),17/04/20 23:00:00,A,NR,M,TOTAL,C00-C14,AL,2002,39,
ESTAT:HLTH_CD_ANR(1.0),17/04/20 23:00:00,A,NR,M,TOTAL,C00-C14,AL,2003,38,
ESTAT:HLTH_CD_ANR(1.0),17/04/20 23:00:00,A,NR,M,TOTAL,C00-C14,AL,2004,46,
ESTAT:HLTH_CD_ANR(1.0),17/04/20 23:00:00,A,NR,M,TOTAL,C00-C14,AL,2010,26,
ESTAT:HLTH_CD_ANR(1.0),17/04/20 23:00:00,A,NR,M,TOTAL,C00-C14,AT,2001,350,
ESTAT:HLTH_CD_ANR(1.0),17/04/20 23:00:00,A,NR,M,TOTAL,C00-C14,AT,2002,373,
ESTAT:HLTH_CD_ANR(1.0),17/04/20 23:00:00,A,NR,M,TOTAL,C00-C14,AT,2003,354,
ESTAT:HLTH_CD_ANR(1.0),17/04/20 23:00:00,A,NR,M,TOTAL,C00-C14,AT,2004,381,
ESTAT:HLTH_CD_ANR(1.0),17/04/20 23:00:00,A,NR,M,TOTAL,C00-C14,AT,2005,337,
ESTAT:HLTH_CD_ANR(1.0),17/04/20 23:00:00,A,NR,M,TOTAL,C00-C14,AT,2006,333,
ESTAT:HLTH_CD_ANR(1.0),17/04/20 23:00:00,A,NR,M,TOTAL,C00-C14,AT,2007,342,
ESTAT:HLTH_CD_ANR(1.0),17/04/20 23:00:00,A,NR,M,TOTAL,C00-C14,AT,2008,353,
ESTAT:HLTH_CD_ANR(1.0),17/04/20 23:00:00,A,NR,M,TOTAL,C00-C14,AT,2009,331,
ESTAT:HLTH_CD_ANR(1.0),17/04/20 23:00:00,A,NR,M,TOTAL,C00-C14,AT,2010,355,
ESTAT:HLTH_CD_ANR(1.0),17/04/20 23:00:00,A,NR,M,TOTAL,C00-C14,BE,2003,394,
ESTAT:HLTH_CD_ANR(1.0),17/04/20 23:00:00,A,NR,M,TOTAL,C00-C14,BE,2004,369,
ESTAT:HLTH_CD_ANR(1.0),17/04/20 23:00:00,A,NR,M,TOTAL,C00-C14,BE,2005,405,
ESTAT:HLTH_CD_ANR(1.0),17/04/20 23:00:00,A,NR,M,TOTAL,C00-C14,BE,2006,396,
ESTAT:HLTH_CD_ANR(1.0),17/04/20 23:00:00,A,NR,M,TOTAL,C00-C14,BE,2007,369,
ESTAT:HLTH_CD_ANR(1.0),17/04/20 23:00:00,A,NR,M,TOTAL,C00-C14,BE,2008,410,
ESTAT:HLTH_CD_ANR(1.0),17/04/20 23:00:00,A,NR,M,TOTAL,C00-C14,BE,2009,401,
ESTAT:HLTH_CD_ANR(1.0),17/04/20 23:00:00,A,NR,M,TOTAL,C00-C14,BE,2010,393,
ESTAT:HLTH_CD_ANR(1.0),17/04/20 23:00:00,A,NR,M,TOTAL,C00-C14,BG,2001,299,
ESTAT:HLTH_CD_ANR(1.0),17/04/20 23:00:00,A,NR,M,TOTAL,C00-C14,BG,2002,277,
ESTAT:HLTH_CD_ANR(1.0),17/04/20 23:00:00,A,NR,M,TOTAL,C00-C14,BG,2003,255,
ESTAT:HLTH_CD_ANR(1.0),17/04/20 23:00:00,A,NR,M,TOTAL,C00-C14,BG,2004,262,
ESTAT:HLTH_CD_ANR(1.0),17/04/20 23:00:00,A,NR,M,TOTAL,C00-C14,BG,2005,325,
ESTAT:HLTH_CD_ANR(1.0),17/04/20 23:00:00,A,NR,M,TOTAL,C00-C14,BG,2006,399,
ESTAT:HLTH_CD_ANR(1.0),17/04/20 23:00:00,A,NR,M,TOTAL,C00-C14,BG,2007,349,
ESTAT:HLTH_CD_ANR(1.0),17/04/20 23:00:00,A,NR,M,TOTAL,C00-C14,BG,2008,306,
ESTAT:HLTH_CD_ANR(1.0),17/04/20 23:00:00,A,NR,M,TOTAL,C00-C14,BG,2009,327,
ESTAT:HLTH_CD_ANR(1.0),17/04/20 23:00:00,A,NR,M,TOTAL,C00-C14,BG,2010,289,
ESTAT:HLTH_CD_ANR(1.0),17/04/20 23:00:00,A,NR,M,TOTAL,C00-C14,CH,2001,268,
ESTAT:HLTH_CD_ANR(1.0),17/04/20 23:00:00,A,NR,M,TOTAL,C00-C14,CH,2002,258,
ESTAT:HLTH_CD_ANR(1.0),17/04/20 23:00:00,A,NR,M,TOTAL,C00-C14,CH,2003,245,
ESTAT:HLTH_CD_ANR(1.0),17/04/20 23:00:00,A,NR,M,TOTAL,C00-C14,CH,2004,251,
ESTAT:HLTH_CD_ANR(1.0),17/04/20 23:00:00,A,NR,M,TOTAL,C00-C14,CH,2005,298,
ESTAT:HLTH_CD_ANR(1.0),17/04/20 23:00:00,A,NR,M,TOTAL,C00-C14,CH,2006,272,
ESTAT:HLTH_CD_ANR(1.0),17/04/20 23:00:00,A,NR,M,TOTAL,C00-C14,CH,2007,273,
ESTAT:HLTH_CD_ANR(1.0),17/04/20 23:00:00,A,NR,M,TOTAL,C00-C14,CH,2008,268,
ESTAT:HLTH_CD_ANR(1.0),17/04/20 23:00:00,A,NR,M,TOTAL,C00-C14,CH,2009,259,
ESTAT:HLTH_CD_ANR(1.0),17/04/20 23:00:00,A,NR,M,TOTAL,C00-C14,CH,2010,292,
ESTAT:HLTH_CD_ANR(1.0),17/04/20 23:00:00,A,NR,M,TOTAL,C00-C14,CY,2004,6,
ESTAT:HLTH_CD_ANR(1.0),17/04/20 23:00:00,A,NR,M,TOTAL,C00-C14,CY,2005,4,
ESTAT:HLTH_CD_ANR(1.0),17/04/20 23:00:00,A,NR,M,TOTAL,C00-C14,CY,2006,6,
ESTAT:HLTH_CD_ANR(1.0),17/04/20 23:00:00,A,NR,M,TOTAL,C00-C14,CY,2007,8,
ESTAT:HLTH_CD_ANR(1.0),17/04/20 23:00:00,A,NR,M,TOTAL,C00-C14,CY,2008,5,
ESTAT:HLTH_CD_ANR(1.0),17/04/20 23:00:00,A,NR,M,TOTAL,C00-C14,CY,2009,8,
ESTAT:HLTH_CD_ANR(1.0),17/04/20 23:00:00,A,NR,M,TOTAL,C00-C14,CY,2010,7,
ESTAT:HLTH_CD_ANR(1.0),17/04/20 23:00:00,A,NR,M,TOTAL,C00-C14,CZ,2001,485,
ESTAT:HLTH_CD_ANR(1.0),17/04/20 23:00:00,A,NR,M,TOTAL,C00-C14,CZ,2002,540,
ESTAT:HLTH_CD_ANR(1.0),17/04/20 23:00:00,A,NR,M,TOTAL,C00-C14,CZ,2003,523,
ESTAT:HLTH_CD_ANR(1.0),17/04/20 23:00:00,A,NR,M,TOTAL,C00-C14,CZ,2004,551,
ESTAT:HLTH_CD_ANR(1.0),17/04/20 23:00:00,A,NR,M,TOTAL,C00-C14,CZ,2005,518,
ESTAT:HLTH_CD_ANR(1.0),17/04/20 23:00:00,A,NR,M,TOTAL,C00-C14,CZ,2006,521,
ESTAT:HLTH_CD_ANR(1.0),17/04/20 23:00:00,A,NR,M,TOTAL,C00-C14,CZ,2007,523,
ESTAT:HLTH_CD_ANR(1.0),17/04/20 23:00:00,A,NR,M,TOTAL,C00-C14,CZ,2008,575,
ESTAT:HLTH_CD_ANR(1.0),17/04/20 23:00:00,A,NR,M,TOTAL,C00-C14,CZ,2009,511,
ESTAT:HLTH_CD_ANR(1.0),17/04/20 23:00:00,A,NR,M,TOTAL,C00-C14,CZ,2010,520,
ESTAT:HLTH_CD_ANR(1.0),17/04/20 23:00:00,A,NR,M,TOTAL,C00-C14,DE,2001,3795,
ESTAT:HLTH_CD_ANR(1.0),17/04/20 23:00:00,A,NR,M,TOTAL,C00-C14,DE,2002,3713,
ESTAT:HLTH_CD_ANR(1.0),17/04/20 23:00:00,A,NR,M,TOTAL,C00-C14,DE,2003,3736,
ESTAT:HLTH_CD_ANR(1.0),17/04/20 23:00:00,A,NR,M,TOTAL,C00-C14,DE,2004,3450,
ESTAT:HLTH_CD_ANR(1.0),17/04/20 23:00:00,A,NR,M,TOTAL,C00-C14,DE,2005,3703,
ESTAT:HLTH_CD_ANR(1.0),17/04/20 23:00:00,A,NR,M,TOTAL,C00-C14,DE,2006,3623,
ESTAT:HLTH_CD_ANR(1.0),17/04/20 23:00:00,A,NR,M,TOTAL,C00-C14,DE,2007,3651,
ESTAT:HLTH_CD_ANR(1.0),17/04/20 23:00:00,A,NR,M,TOTAL,C00-C14,DE,2008,3776,
ESTAT:HLTH_CD_ANR(1.0),17/04/20 23:00:00,A,NR,M,TOTAL,C00-C14,DE,2009,3813,
ESTAT:HLTH_CD_ANR(1.0),17/04/20 23:00:00,A,NR,M,TOTAL,C00-C14,DE,2010,3816,
ESTAT:HLTH_CD_ANR(1.0),17/04/20 23:00:00,A,NR,M,TOTAL,C00-C14,DK,2001,192,
ESTAT:HLTH_CD_ANR(1.0),17/04/20 23:00:00,A,NR,M,TOTAL,C00-C14,DK,2002,188,
ESTAT:HLTH_CD_ANR(1.0),17/04/20 23:00:00,A,NR,M,TOTAL,C00-C14,DK,2003,204,
ESTAT:HLTH_CD_ANR(1.0),17/04/20 23:00:00,A,NR,M,TOTAL,C00-C14,DK,2004,207,
ESTAT:HLTH_CD_ANR(1.0),17/04/20 23:00:00,A,NR,M,TOTAL,C00-C14,DK,2005,229,
ESTAT:HLTH_CD_ANR(1.0),17/04/20 23:00:00,A,NR,M,TOTAL,C00-C14,DK,2006,195,
ESTAT:HLTH_CD_ANR(1.0),17/04/20 23:00:00,A,NR,M,TOTAL,C00-C14,DK,2007,223,
ESTAT:HLTH_CD_ANR(1.0),17/04/20 23:00:00,A,NR,M,TOTAL,C00-C14,DK,2008,212,
ESTAT:HLTH_CD_ANR(1.0),17/04/20 23:00:00,A,NR,M,TOTAL,C00-C14,DK,2009,202,
ESTAT:HLTH_CD_ANR(1.0),17/04/20 23:00:00,A,NR,M,TOTAL,C00-C14,EE,2001,96,
ESTAT:HLTH_CD_ANR(1.0),17/04/20 23:00:00,A,NR,M,TOTAL,C00-C14,EE,2002,79,
ESTAT:HLTH_CD_ANR(1.0),17/04/20 23:00:00,A,NR,M,TOTAL,C00-C14,EE,2003,65,
ESTAT:HLTH_CD_ANR(1.0),17/04/20 23:00:00,A,NR,M,TOTAL,C00-C14,EE,2004,61,
ESTAT:HLTH_CD_ANR(1.0),17/04/20 23:00:00,A,NR,M,TOTAL,C00-C14,EE,2005,94,
ESTAT:HLTH_CD_ANR(1.0),17/04/20 23:00:00,A,NR,M,TOTAL,C00-C14,EE,2006,61,
ESTAT:HLTH_CD_ANR(1.0),17/04/20 23:00:00,A,NR,M,TOTAL,C00-C14,EE,2007,72,
ESTAT:HLTH_CD_ANR(1.0),17/04/20 23:00:00,A,NR,M,TOTAL,C00-C14,EE,2008,67,
ESTAT:HLTH_CD_ANR(1.0),17/04/20 23:00:00,A,NR,M,TOTAL,C00-C14,EE,2009,65,
ESTAT:HLTH_CD_ANR(1.0),17/04/20 23:00:00,A,NR,M,TOTAL,C00-C14,EE,2010,107,
ESTAT:HLTH_CD_ANR(1.0),17/04/20 23:00:00,A,NR,M,TOTAL,C00-C14,EL,2001,157,
ESTAT:HLTH_CD_ANR(1.0),17/04/20 23:00:00,A,NR,M,TOTAL,C00-C14,EL,2002,180,
ESTAT:HLTH_CD_ANR(1.0),17/04/20 23:00:00,A,NR,M,TOTAL,C00-C14,EL,2003,167,
ESTAT:HLTH_CD_ANR(1.0),17/04/20 23:00:00,A,NR,M,TOTAL,C00-C14,EL,2004,183,
ESTAT:HLTH_CD_ANR(1.0),17/04/20 23:00:00,A,NR,M,TOTAL,C00-C14,EL,2005,210,
ESTAT:HLTH_CD_ANR(1.0),17/04/20 23:00:00,A,NR,M,TOTAL,C00-C14,EL,2006,195,
ESTAT:HLTH_CD_ANR(1.0),17/04/20 23:00:00,A,NR,M,TOTAL,C00-C14,EL,2007,188,
ESTAT:HLTH_CD_ANR(1.0),17/04/20 23:00:00,A,NR,M,TOTAL,C00-C14,EL,2008,183,
ESTAT:HLTH_CD_ANR(1.0),17/04/20 23:00:00,A,NR,M,TOTAL,C00-C14,EL,2009,195,
ESTAT:HLTH_CD_ANR(1.0),17/04/20 23:00:00,A,NR,M,TOTAL,C00-C14,EL,2010,173,
ESTAT:HLTH_CD_ANR(1.0),17/04/20 23:00:00,A,NR,M,TOTAL,C00-C14,ES,2001,1831,
ESTAT:HLTH_CD_ANR(1.0),17/04/20 23:00:00,A,NR,M,TOTAL,C00-C14,ES,2002,1821,
ESTAT:HLTH_CD_ANR(1.0),17/04/20 23:00:00,A,NR,M,TOTAL,C00-C14,ES,2003,1806,
ESTAT:HLTH_CD_ANR(1.0),17/04/20 23:00:00,A,NR,M,TOTAL,C00-C14,ES,2004,1792,
ESTAT:HLTH_CD_ANR(1.0),17/04/20 23:00:00,A,NR,M,TOTAL,C00-C14,ES,2005,1757,
ESTAT:HLTH_CD_ANR(1.0),17/04/20 23:00:00,A,NR,M,TOTAL,C00-C14,ES,2006,1733,
ESTAT:HLTH_CD_ANR(1.0),17/04/20 23:00:00,A,NR,M,TOTAL,C00-C14,ES,2007,1730,
ESTAT:HLTH_CD_ANR(1.0),17/04/20 23:00:00,A,NR,M,TOTAL,C00-C14,ES,2008,1633,
ESTAT:HLTH_CD_ANR(1.0),17/04/20 23:00:00,A,NR,M,TOTAL,C00-C14,ES,2009,1688,
ESTAT:HLTH_CD_ANR(1.0),17/04/20 23:00:00,A,NR,M,TOTAL,C00-C14,ES,2010,1754,
ESTAT:HLTH_CD_ANR(1.0),17/04/20 23:00:00,A,NR,M,TOTAL,C00-C14,EU27_2020,2001,20319,e
ESTAT:HLTH_CD_ANR(1.0),17/04/20 23:00:00,A,NR,M,TOTAL,C00-C14,EU27_2020,2002,20408,e
ESTAT:HLTH_CD_ANR(1.0),17/04/20 23:00:00,A,NR,M,TOTAL,C00-C14,EU27_2020,2003,20132,
ESTAT:HLTH_CD_ANR(1.0),17/04/20 23:00:00,A,NR,M,TOTAL,C00-C14,EU27_2020,2004,19822,e
ESTAT:HLTH_CD_ANR(1.0),17/04/20 23:00:00,A,NR,M,TOTAL,C00-C14,EU27_2020,2005,19868,e
ESTAT:HLTH_CD_ANR(1.0),17/04/20 23:00:00,A,NR,M,TOTAL,C00-C14,EU27_2020,2006,19928,
ESTAT:HLTH_CD_ANR(1.0),17/04/20 23:00:00,A,NR,M,TOTAL,C00-C14,EU27_2020,2007,19928,
ESTAT:HLTH_CD_ANR(1.0),17/04/20 23:00:00,A,NR,M,TOTAL,C00-C14,EU27_2020,2008,20193,
ESTAT:HLTH_CD_ANR(1.0),17/04/20 23:00:00,A,NR,M,TOTAL,C00-C14,EU27_2020,2009,20018,
ESTAT:HLTH_CD_ANR(1.0),17/04/20 23:00:00,A,NR,M,TOTAL,C00-C14,EU27_2020,2010,20336,e
ESTAT:HLTH_CD_ANR(1.0),17/04/20 23:00:00,A,NR,M,TOTAL,C00-C14,EU28,2001,21610,e
ESTAT:HLTH_CD_ANR(1.0),17/04/20 23:00:00,A,NR,M,TOTAL,C00-C14,EU28,2002,21702,e
ESTAT:HLTH_CD_ANR(1.0),17/04/20 23:00:00,A,NR,M,TOTAL,C00-C14,EU28,2003,21342,
ESTAT:HLTH_CD_ANR(1.0),17/04/20 23:00:00,A,NR,M,TOTAL,C00-C14,EU28,2004,21165,e
ESTAT:HLTH_CD_ANR(1.0),17/04/20 23:00:00,A,NR,M,TOTAL,C00-C14,EU28,2005,21185,e
ESTAT:HLTH_CD_ANR(1.0),17/04/20 23:00:00,A,NR,M,TOTAL,C00-C14,EU28,2006,21227,
ESTAT:HLTH_CD_ANR(1.0),17/04/20 23:00:00,A,NR,M,TOTAL,C00-C14,EU28,2007,21389,
ESTAT:HLTH_CD_ANR(1.0),17/04/20 23:00:00,A,NR,M,TOTAL,C00-C14,EU28,2008,21545,
ESTAT:HLTH_CD_ANR(1.0),17/04/20 23:00:00,A,NR,M,TOTAL,C00-C14,EU28,2009,21499,
ESTAT:HLTH_CD_ANR(1.0),17/04/20 23:00:00,A,NR,M,TOTAL,C00-C14,EU28,2010,21881,e
ESTAT:HLTH_CD_ANR(1.0),17/04/20 23:00:00,A,NR,M,TOTAL,C00-C14,FI,2001,89,
ESTAT:HLTH_CD_ANR(1.0),17/04/20 23:00:00,A,NR,M,TOTAL,C00-C14,FI,2002,85,
ESTAT:HLTH_CD_ANR(1.0),17/04/20 23:00:00,A,NR,M,TOTAL,C00-C14,FI,2003,107,
ESTAT:HLTH_CD_ANR(1.0),17/04/20 23:00:00,A,NR,M,TOTAL,C00-C14,FI,2004,99,
ESTAT:HLTH_CD_ANR(1.0),17/04/20 23:00:00,A,NR,M,TOTAL,C00-C14,FI,2005,86,
ESTAT:HLTH_CD_ANR(1.0),17/04/20 23:00:00,A,NR,M,TOTAL,C00-C14,FI,2006,87,
ESTAT:HLTH_CD_ANR(1.0),17/04/20 23:00:00,A,NR,M,TOTAL,C00-C14,FI,2007,84,
ESTAT:HLTH_CD_ANR(1.0),17/04/20 23:00:00,A,NR,M,TOTAL,C00-C14,FI,2008,98,
ESTAT:HLTH_CD_ANR(1.0),17/04/20 23:00:00,A,NR,M,TOTAL,C00-C14,FI,2009,121,
ESTAT:HLTH_CD_ANR(1.0),17/04/20 23:00:00,A,NR,M,TOTAL,C00-C14,FI,2010,120,
ESTAT:HLTH_CD_ANR(1.0),17/04/20 23:00:00,A,NR,M,TOTAL,C00-C14,FR,2001,3755,
ESTAT:HLTH_CD_ANR(1.0),17/04/20 23:00:00,A,NR,M,TOTAL,C00-C14,FR,2002,3834,
ESTAT:HLTH_CD_ANR(1.0),17/04/20 23:00:00,A,NR,M,TOTAL,C00-C14,FR,2003,3635,
ESTAT:HLTH_CD_ANR(1.0),17/04/20 23:00:00,A,NR,M,TOTAL,C00-C14,FR,2004,3623,
ESTAT:HLTH_CD_ANR(1.0),17/04/20 23:00:00,A,NR,M,TOTAL,C00-C14,FR,2005,3442,
ESTAT:HLTH_CD_ANR(1.0),17/04/20 23:00:00,A,NR,M,TOTAL,C00-C14,FR,2006,3473,
ESTAT:HLTH_CD_ANR(1.0),17/04/20 23:00:00,A,NR,M,TOTAL,C00-C14,FR,2007,3317,
ESTAT:HLTH_CD_ANR(1.0),17/04/20 23:00:00,A,NR,M,TOTAL,C00-C14,FR,2008,3217,
ESTAT:HLTH_CD_ANR(1.0),17/04/20 23:00:00,A,NR,M,TOTAL,C00-C14,FR,2009,3159,
ESTAT:HLTH_CD_ANR(1.0),17/04/20 23:00:00,A,NR,M,TOTAL,C00-C14,FR,2010,3374,
ESTAT:HLTH_CD_ANR(1.0),17/04/20 23:00:00,A,NR,M,TOTAL,C00-C14,FX,2001,3683,
ESTAT:HLTH_CD_ANR(1.0),17/04/20 23:00:00,A,NR,M,TOTAL,C00-C14,FX,2002,3759,
ESTAT:HLTH_CD_ANR(1.0),17/04/20 23:00:00,A,NR,M,TOTAL,C00-C14,FX,2003,3562,
ESTAT:HLTH_CD_ANR(1.0),17/04/20 23:00:00,A,NR,M,TOTAL,C00-C14,FX,2004,3538,
ESTAT:HLTH_CD_ANR(1.0),17/04/20 23:00:00,A,NR,M,TOTAL,C00-C14,FX,2005,3358,
ESTAT:HLTH_CD_ANR(1.0),17/04/20 23:00:00,A,NR,M,TOTAL,C00-C14,FX,2006,3398,
ESTAT:HLTH_CD_ANR(1.0),17/04/20 23:00:00,A,NR,M,TOTAL,C00-C14,FX,2007,3244,
ESTAT:HLTH_CD_ANR(1.0),17/04/20 23:00:00,A,NR,M,TOTAL,C00-C14,FX,2008,3154,
ESTAT:HLTH_CD_ANR(1.0),17/04/20 23:00:00,A,NR,M,TOTAL,C00-C14,FX,2009,3088,
ESTAT:HLTH_CD_ANR(1.0),17/04/20 23:00:00,A,NR,M,TOTAL,C00-C14,FX,2010,3297,
ESTAT:HLTH_CD_ANR(1.0),17/04/20 23:00:00,A,NR,M,TOTAL,C00-C14,HR,2001,309,
ESTAT:HLTH_CD_ANR(1.0),17/04/20 23:00:00,A,NR,M,TOTAL,C00-C14,HR,2002,329,
ESTAT:HLTH_CD_ANR(1.0),17/04/20 23:00:00,A,NR,M,TOTAL,C00-C14,HR,2003,340,
ESTAT:HLTH_CD_ANR(1.0),17/04/20 23:00:00,A,NR,M,TOTAL,C00-C14,HR,2004,328,
ESTAT:HLTH_CD_ANR(1.0),17/04/20 23:00:00,A,NR,M,TOTAL,C00-C14,HR,2005,321,
ESTAT:HLTH_CD_ANR(1.0),17/04/20 23:00:00,A,NR,M,TOTAL,C00-C14,HR,2006,321,
ESTAT:HLTH_CD_ANR(1.0),17/04/20 23:00:00,A,NR,M,TOTAL,C00-C14,HR,2007,319,
ESTAT:HLTH_CD_ANR(1.0),17/04/20 23:00:00,A,NR,M,TOTAL,C00-C14,HR,2008,356,
ESTAT:HLTH_CD_ANR(1.0),17/04/20 23:00:00,A,NR,M,TOTAL,C00-C14,HR,2009,324,
ESTAT:HLTH_CD_ANR(1.0),17/04/20 23:00:00,A,NR,M,TOTAL,C00-C14,HR,2010,256,
ESTAT:HLTH_CD_ANR(1.0),17/04/20 23:00:00,A,NR,M,TOTAL,C00-C14,HU,2001,1432,
ESTAT:HLTH_CD_ANR(1.0),17/04/20 23:00:00,A,NR,M,TOTAL,C00-C14,HU,2002,1435,
ESTAT:HLTH_CD_ANR(1.0),17/04/20 23:00:00,A,NR,M,TOTAL,C00-C14,HU,2003,1456,
ESTAT:HLTH_CD_ANR(1.0),17/04/20 23:00:00,A,NR,M,TOTAL,C00-C14,HU,2004,1416,
ESTAT:HLTH_CD_ANR(1.0),17/04/20 23:00:00,A,NR,M,TOTAL,C00-C14,HU,2005,1298,
ESTAT:HLTH_CD_ANR(1.0),17/04/20 23:00:00,A,NR,M,TOTAL,C00-C14,HU,2006,1339,
ESTAT:HLTH_CD_ANR(1.0),17/04/20 23:00:00,A,NR,M,TOTAL,C00-C14,HU,2007,1292,
ESTAT:HLTH_CD_ANR(1.0),17/04/20 23:00:00,A,NR,M,TOTAL,C00-C14,HU,2008,1364,
ESTAT:HLTH_CD_ANR(1.0),17/04/20 23:00:00,A,NR,M,TOTAL,C00-C14,HU,2009,1245,
ESTAT:HLTH_CD_ANR(1.0),17/04/20 23:00:00,A,NR,M,TOTAL,C00-C14,HU,2010,1232,
ESTAT:HLTH_CD_ANR(1.0),17/04/20 23:00:00,A,NR,M,TOTAL,C00-C14,IE,2001,86,
ESTAT:HLTH_CD_ANR(1.0),17/04/20 23:00:00,A,NR,M,TOTAL,C00-C14,IE,2002,89,
ESTAT:HLTH_CD_ANR(1.0),17/04/20 23:00:00,A,NR,M,TOTAL,C00-C14,IE,2003,92,
ESTAT:HLTH_CD_ANR(1.0),17/04/20 23:00:00,A,NR,M,TOTAL,C00-C14,IE,2004,81,
ESTAT:HLTH_CD_ANR(1.0),17/04/20 23:00:00,A,NR,M,TOTAL,C00-C14,IE,2005,98,
ESTAT:HLTH_CD_ANR(1.0),17/04/20 23:00:00,A,NR,M,TOTAL,C00-C14,IE,2006,96,
ESTAT:HLTH_CD_ANR(1.0),17/04/20 23:00:00,A,NR,M,TOTAL,C00-C14,IE,2007,89,
ESTAT:HLTH_CD_ANR(1.0),17/04/20 23:00:00,A,NR,M,TOTAL,C00-C14,IE,2008,98,
ESTAT:HLTH_CD_ANR(1.0),17/04/20 23:00:00,A,NR,M,TOTAL,C00-C14,IE,2009,94,
ESTAT:HLTH_CD_ANR(1.0),17/04/20 23:00:00,A,NR,M,TOTAL,C00-C14,IE,2010,79,
ESTAT:HLTH_CD_ANR(1.0),17/04/20 23:00:00,A,NR,M,TOTAL,C00-C14,IS,2001,1,
ESTAT:HLTH_CD_ANR(1.0),17/04/20 23:00:00,A,NR,M,TOTAL,C00-C14,IS,2002,6,
ESTAT:HLTH_CD_ANR(1.0),17/04/20 23:00:00,A,NR,M,TOTAL,C00-C14,IS,2003,7,
ESTAT:HLTH_CD_ANR(1.0),17/04/20 23:00:00,A,NR,M,TOTAL,C00-C14,IS,2004,6,
ESTAT:HLTH_CD_ANR(1.0),17/04/20 23:00:00,A,NR,M,TOTAL,C00-C14,IS,2005,1,
ESTAT:HLTH_CD_ANR(1.0),17/04/20 23:00:00,A,NR,M,TOTAL,C00-C14,IS,2006,5,
ESTAT:HLTH_CD_ANR(1.0),17/04/20 23:00:00,A,NR,M,TOTAL,C00-C14,IS,2007,2,
ESTAT:HLTH_CD_ANR(1.0),17/04/20 23:00:00,A,NR,M,TOTAL,C00-C14,IS,2008,4,
ESTAT:HLTH_CD_ANR(1.0),17/04/20 23:00:00,A,NR,M,TOTAL,C00-C14,IS,2009,4,
ESTAT:HLTH_CD_ANR(1.0),17/04/20 23:00:00,A,NR,M,TOTAL,C00-C14,IT,2001,2175,
ESTAT:HLTH_CD_ANR(1.0),17/04/20 23:00:00,A,NR,M,TOTAL,C00-C14,IT,2002,2123,
ESTAT:HLTH_CD_ANR(1.0),17/04/20 23:00:00,A,NR,M,TOTAL,C00-C14,IT,2003,2033,
ESTAT:HLTH_CD_ANR(1.0),17/04/20 23:00:00,A,NR,M,TOTAL,C00-C14,IT,2006,1986,
ESTAT:HLTH_CD_ANR(1.0),17/04/20 23:00:00,A,NR,M,TOTAL,C00-C14,IT,2007,2029,
ESTAT:HLTH_CD_ANR(1.0),17/04/20 23:00:00,A,NR,M,TOTAL,C00-C14,IT,2008,1964,
ESTAT:HLTH_CD_ANR(1.0),17/04/20 23:00:00,A,NR,M,TOTAL,C00-C14,IT,2009,1873,
ESTAT:HLTH_CD_ANR(1.0),17/04/20 23:00:00,A,NR,M,TOTAL,C00-C14,IT,2010,1933,
ESTAT:HLTH_CD_ANR(1.0),17/04/20 23:00:00,A,NR,M,TOTAL,C00-C14,LT,2001,226,
ESTAT:HLTH_CD_ANR(1.0),17/04/20 23:00:00,A,NR,M,TOTAL,C00-C14,LT,2002,244,
ESTAT:HLTH_CD_ANR(1.0),17/04/20 23:00:00,A,NR,M,TOTAL,C00-C14,LT,2003,181,
ESTAT:HLTH_CD_ANR(1.0),17/04/20 23:00:00,A,NR,M,TOTAL,C00-C14,LT,2004,212,
ESTAT:HLTH_CD_ANR(1.0),17/04/20 23:00:00,A,NR,M,TOTAL,C00-C14,LT,2005,216,
ESTAT:HLTH_CD_ANR(1.0),17/04/20 23:00:00,A,NR,M,TOTAL,C00-C14,LT,2006,199,
ESTAT:HLTH_CD_ANR(1.0),17/04/20 23:00:00,A,NR,M,TOTAL,C00-C14,LT,2007,202,
ESTAT:HLTH_CD_ANR(1.0),17/04/20 23:00:00,A,NR,M,TOTAL,C00-C14,LT,2008,203,
ESTAT:HLTH_CD_ANR(1.0),17/04/20 23:00:00,A,NR,M,TOTAL,C00-C14,LT,2009,217,
ESTAT:HLTH_CD_ANR(1.0),17/04/20 23:00:00,A,NR,M,TOTAL,C00-C14,LT,2010,227,
ESTAT:HLTH_CD_ANR(1.0),17/04/20 23:00:00,A,NR,M,TOTAL,C00-C14,LU,2001,21,
ESTAT:HLTH_CD_ANR(1.0),17/04/20 23:00:00,A,NR,M,TOTAL,C00-C14,LU,2002,25,
ESTAT:HLTH_CD_ANR(1.0),17/04/20 23:00:00,A,NR,M,TOTAL,C00-C14,LU,2003,22,
ESTAT:HLTH_CD_ANR(1.0),17/04/20 23:00:00,A,NR,M,TOTAL,C00-C14,LU,2004,24,
ESTAT:HLTH_CD_ANR(1.0),17/04/20 23:00:00,A,NR,M,TOTAL,C00-C14,LU,2005,10,
ESTAT:HLTH_CD_ANR(1.0),17/04/20 23:00:00,A,NR,M,TOTAL,C00-C14,LU,2006,20,
ESTAT:HLTH_CD_ANR(1.0),17/04/20 23:00:00,A,NR,M,TOTAL,C00-C14,LU,2007,9,
ESTAT:HLTH_CD_ANR(1.0),17/04/20 23:00:00,A,NR,M,TOTAL,C00-C14,LU,2008,11,
ESTAT:HLTH_CD_ANR(1.0),17/04/20 23:00:00,A,NR,M,TOTAL,C00-C14,LU,2009,13,
ESTAT:HLTH_CD_ANR(1.0),17/04/20 23:00:00,A,NR,M,TOTAL,C00-C14,LU,2010,10,
ESTAT:HLTH_CD_ANR(1.0),17/04/20 23:00:00,A,NR,M,TOTAL,C00-C14,LV,2001,101,
ESTAT:HLTH_CD_ANR(1.0),17/04/20 23:00:00,A,NR,M,TOTAL,C00-C14,LV,2002,114,
ESTAT:HLTH_CD_ANR(1.0),17/04/20 23:00:00,A,NR,M,TOTAL,C00-C14,LV,2003,137,
ESTAT:HLTH_CD_ANR(1.0),17/04/20 23:00:00,A,NR,M,TOTAL,C00-C14,LV,2004,132,
ESTAT:HLTH_CD_ANR(1.0),17/04/20 23:00:00,A,NR,M,TOTAL,C00-C14,LV,2005,122,
ESTAT:HLTH_CD_ANR(1.0),17/04/20 23:00:00,A,NR,M,TOTAL,C00-C14,LV,2006,109,
ESTAT:HLTH_CD_ANR(1.0),17/04/20 23:00:00,A,NR,M,TOTAL,C00-C14,LV,2007,126,
ESTAT:HLTH_CD_ANR(1.0),17/04/20 23:00:00,A,NR,M,TOTAL,C00-C14,LV,2008,104,
ESTAT:HLTH_CD_ANR(1.0),17/04/20 23:00:00,A,NR,M,TOTAL,C00-C14,LV,2009,133,
ESTAT:HLTH_CD_ANR(1.0),17/04/20 23:00:00,A,NR,M,TOTAL,C00-C14,LV,2010,116,
ESTAT:HLTH_CD_ANR(1.0),17/04/20 23:00:00,A,NR,M,TOTAL,C00-C14,MK,2001,41,
ESTAT:HLTH_CD_ANR(1.0),17/04/20 23:00:00,A,NR,M,TOTAL,C00-C14,MK,2002,35,
ESTAT:HLTH_CD_ANR(1.0),17/04/20 23:00:00,A,NR,M,TOTAL,C00-C14,MK,2003,36,
ESTAT:HLTH_CD_ANR(1.0),17/04/20 23:00:00,A,NR,M,TOTAL,C00-C14,MK,2004,56,
ESTAT:HLTH_CD_ANR(1.0),17/04/20 23:00:00,A,NR,M,TOTAL,C00-C14,MK,2005,52,
ESTAT:HLTH_CD_ANR(1.0),17/04/20 23:00:00,A,NR,M,TOTAL,C00-C14,MK,2006,44,
ESTAT:HLTH_CD_ANR(1.0),17/04/20 23:00:00,A,NR,M,TOTAL,C00-C14,MK,2007,41,
ESTAT:HLTH_CD_ANR(1.0),17/04/20 23:00:00,A,NR,M,TOTAL,C00-C14,MK,2008,44,
ESTAT:HLTH_CD_ANR(1.0),17/04/20 23:00:00,A,NR,M,TOTAL,C00-C14,MK,2009,36,
ESTAT:HLTH_CD_ANR(1.0),17/04/20 23:00:00,A,NR,M,TOTAL,C00-C14,MK,2010,31,
ESTAT:HLTH_CD_ANR(1.0),17/04/20 23:00:00,A,NR,M,TOTAL,C00-C14,MT,2001,11,
ESTAT:HLTH_CD_ANR(1.0),17/04/20 23:00:00,A,NR,M,TOTAL,C00-C14,MT,2002,4,
ESTAT:HLTH_CD_ANR(1.0),17/04/20 23:00:00,A,NR,M,TOTAL,C00-C14,MT,2003,7,
ESTAT:HLTH_CD_ANR(1.0),17/04/20 23:00:00,A,NR,M,TOTAL,C00-C14,MT,2004,9,
ESTAT:HLTH_CD_ANR(1.0),17/04/20 23:00:00,A,NR,M,TOTAL,C00-C14,MT,2005,7,
ESTAT:HLTH_CD_ANR(1.0),17/04/20 23:00:00,A,NR,M,TOTAL,C00-C14,MT,2006,15,
ESTAT:HLTH_CD_ANR(1.0),17/04/20 23:00:00,A,NR,M,TOTAL,C00-C14,MT,2007,12,
ESTAT:HLTH_CD_ANR(1.0),17/04/20 23:00:00,A,NR,M,TOTAL,C00-C14,MT,2008,14,
ESTAT:HLTH_CD_ANR(1.0),17/04/20 23:00:00,A,NR,M,TOTAL,C00-C14,MT,2009,15,
ESTAT:HLTH_CD_ANR(1.0),17/04/20 23:00:00,A,NR,M,TOTAL,C00-C14,MT,2010,12,
ESTAT:HLTH_CD_ANR(1.0),17/04/20 23:00:00,A,NR,M,TOTAL,C00-C14,NL,2001,340,
ESTAT:HLTH_CD_ANR(1.0),17/04/20 23:00:00,A,NR,M,TOTAL,C00-C14,NL,2002,347,
ESTAT:HLTH_CD_ANR(1.0),17/04/20 23:00:00,A,NR,M,TOTAL,C00-C14,NL,2003,362,
ESTAT:HLTH_CD_ANR(1.0),17/04/20 23:00:00,A,NR,M,TOTAL,C00-C14,NL,2004,355,
ESTAT:HLTH_CD_ANR(1.0),17/04/20 23:00:00,A,NR,M,TOTAL,C00-C14,NL,2005,342,
ESTAT:HLTH_CD_ANR(1.0),17/04/20 23:00:00,A,NR,M,TOTAL,C00-C14,NL,2006,379,
ESTAT:HLTH_CD_ANR(1.0),17/04/20 23:00:00,A,NR,M,TOTAL,C00-C14,NL,2007,350,
ESTAT:HLTH_CD_ANR(1.0),17/04/20 23:00:00,A,NR,M,TOTAL,C00-C14,NL,2008,376,
ESTAT:HLTH_CD_ANR(1.0),17/04/20 23:00:00,A,NR,M,TOTAL,C00-C14,NL,2009,409,
ESTAT:HLTH_CD_ANR(1.0),17/04/20 23:00:00,A,NR,M,TOTAL,C00-C14,NL,2010,417,
ESTAT:HLTH_CD_ANR(1.0),17/04/20 23:00:00,A,NR,M,TOTAL,C00-C14,NO,2001,116,
ESTAT:HLTH_CD_ANR(1.0),17/04/20 23:00:00,A,NR,M,TOTAL,C00-C14,NO,2002,95,
ESTAT:HLTH_CD_ANR(1.0),17/04/20 23:00:00,A,NR,M,TOTAL,C00-C14,NO,2003,92,
ESTAT:HLTH_CD_ANR(1.0),17/04/20 23:00:00,A,NR,M,TOTAL,C00-C14,NO,2004,88,
ESTAT:HLTH_CD_ANR(1.0),17/04/20 23:00:00,A,NR,M,TOTAL,C00-C14,NO,2005,92,
ESTAT:HLTH_CD_ANR(1.0),17/04/20 23:00:00,A,NR,M,TOTAL,C00-C14,NO,2006,82,
ESTAT:HLTH_CD_ANR(1.0),17/04/20 23:00:00,A,NR,M,TOTAL,C00-C14,NO,2007,93,
ESTAT:HLTH_CD_ANR(1.0),17/04/20 23:00:00,A,NR,M,TOTAL,C00-C14,NO,2008,86,
ESTAT:HLTH_CD_ANR(1.0),17/04/20 23:00:00,A,NR,M,TOTAL,C00-C14,NO,2009,74,
ESTAT:HLTH_CD_ANR(1.0),17/04/20 23:00:00,A,NR,M,TOTAL,C00-C14,NO,2010,92,
ESTAT:HLTH_CD_ANR(1.0),17/04/20 23:00:00,A,NR,M,TOTAL,C00-C14,PL,2001,1383,
ESTAT:HLTH_CD_ANR(1.0),17/04/20 23:00:00,A,NR,M,TOTAL,C00-C14,PL,2002,1400,
ESTAT:HLTH_CD_ANR(1.0),17/04/20 23:00:00,A,NR,M,TOTAL,C00-C14,PL,2003,1484,
ESTAT:HLTH_CD_ANR(1.0),17/04/20 23:00:00,A,NR,M,TOTAL,C00-C14,PL,2004,1432,
ESTAT:HLTH_CD_ANR(1.0),17/04/20 23:00:00,A,NR,M,TOTAL,C00-C14,PL,2005,1460,
ESTAT:HLTH_CD_ANR(1.0),17/04/20 23:00:00,A,NR,M,TOTAL,C00-C14,PL,2006,1504,
ESTAT:HLTH_CD_ANR(1.0),17/04/20 23:00:00,A,NR,M,TOTAL,C00-C14,PL,2007,1635,
ESTAT:HLTH_CD_ANR(1.0),17/04/20 23:00:00,A,NR,M,TOTAL,C00-C14,PL,2008,1661,
ESTAT:HLTH_CD_ANR(1.0),17/04/20 23:00:00,A,NR,M,TOTAL,C00-C14,PL,2009,1697,
ESTAT:HLTH_CD_ANR(1.0),17/04/20 23:00:00,A,NR,M,TOTAL,C00-C14,PL,2010,1763,
ESTAT:HLTH_CD_ANR(1.0),17/04/20 23:00:00,A,NR,M,TOTAL,C00-C14,PT,2001,498,
ESTAT:HLTH_CD_ANR(1.0),17/04/20 23:00:00,A,NR,M,TOTAL,C00-C14,PT,2002,513,
ESTAT:HLTH_CD_ANR(1.0),17/04/20 23:00:00,A,NR,M,TOTAL,C00-C14,PT,2003,519,
ESTAT:HLTH_CD_ANR(1.0),17/04/20 23:00:00,A,NR,M,TOTAL,C00-C14,PT,2004,476,
ESTAT:HLTH_CD_ANR(1.0),17/04/20 23:00:00,A,NR,M,TOTAL,C00-C14,PT,2005,505,
ESTAT:HLTH_CD_ANR(1.0),17/04/20 23:00:00,A,NR,M,TOTAL,C00-C14,PT,2006,489,
ESTAT:HLTH_CD_ANR(1.0),17/04/20 23:00:00,A,NR,M,TOTAL,C00-C14,PT,2007,520,
ESTAT:HLTH_CD_ANR(1.0),17/04/20 23:00:00,A,NR,M,TOTAL,C00-C14,PT,2008,579,
ESTAT:HLTH_CD_ANR(1.0),17/04/20 23:00:00,A,NR,M,TOTAL,C00-C14,PT,2009,577,
ESTAT:HLTH_CD_ANR(1.0),17/04/20 23:00:00,A,NR,M,TOTAL,C00-C14,PT,2010,577,
ESTAT:HLTH_CD_ANR(1.0),17/04/20 23:00:00,A,NR,M,TOTAL,C00-C14,RO,2001,1389,
ESTAT:HLTH_CD_ANR(1.0),17/04/20 23:00:00,A,NR,M,TOTAL,C00-C14,RO,2002,1506,
ESTAT:HLTH_CD_ANR(1.0),17/04/20 23:00:00,A,NR,M,TOTAL,C00-C14,RO,2003,1406,
ESTAT:HLTH_CD_ANR(1.0),17/04/20 23:00:00,A,NR,M,TOTAL,C00-C14,RO,2004,1507,
ESTAT:HLTH_CD_ANR(1.0),17/04/20 23:00:00,A,NR,M,TOTAL,C00-C14,RO,2005,1517,
ESTAT:HLTH_CD_ANR(1.0),17/04/20 23:00:00,A,NR,M,TOTAL,C00-C14,RO,2006,1582,
ESTAT:HLTH_CD_ANR(1.0),17/04/20 23:00:00,A,NR,M,TOTAL,C00-C14,RO,2007,1627,
ESTAT:HLTH_CD_ANR(1.0),17/04/20 23:00:00,A,NR,M,TOTAL,C00-C14,RO,2008,1754,
ESTAT:HLTH_CD_ANR(1.0),17/04/20 23:00:00,A,NR,M,TOTAL,C00-C14,RO,2009,1747,
ESTAT:HLTH_CD_ANR(1.0),17/04/20 23:00:00,A,NR,M,TOTAL,C00-C14,RO,2010,1728,
ESTAT:HLTH_CD_ANR(1.0),17/04/20 23:00:00,A,NR,M,TOTAL,C00-C14,SE,2001,194,
ESTAT:HLTH_CD_ANR(1.0),17/04/20 23:00:00,A,NR,M,TOTAL,C00-C14,SE,2002,162,
ESTAT:HLTH_CD_ANR(1.0),17/04/20 23:00:00,A,NR,M,TOTAL,C00-C14,SE,2003,162,
ESTAT:HLTH_CD_ANR(1.0),17/04/20 23:00:00,A,NR,M,TOTAL,C00-C14,SE,2004,191,
ESTAT:HLTH_CD_ANR(1.0),17/04/20 23:00:00,A,NR,M,TOTAL,C00-C14,SE,2005,186,
ESTAT:HLTH_CD_ANR(1.0),17/04/20 23:00:00,A,NR,M,TOTAL,C00-C14,SE,2006,199,
ESTAT:HLTH_CD_ANR(1.0),17/04/20 23:00:00,A,NR,M,TOTAL,C00-C14,SE,2007,171,
ESTAT:HLTH_CD_ANR(1.0),17/04/20 23:00:00,A,NR,M,TOTAL,C00-C14,SE,2008,202,
ESTAT:HLTH_CD_ANR(1.0),17/04/20 23:00:00,A,NR,M,TOTAL,C00-C14,SE,2009,174,
ESTAT:HLTH_CD_ANR(1.0),17/04/20 23:00:00,A,NR,M,TOTAL,C00-C14,SE,2010,175,
ESTAT:HLTH_CD_ANR(1.0),17/04/20 23:00:00,A,NR,M,TOTAL,C00-C14,SI,2001,157,
ESTAT:HLTH_CD_ANR(1.0),17/04/20 23:00:00,A,NR,M,TOTAL,C00-C14,SI,2002,126,
ESTAT:HLTH_CD_ANR(1.0),17/04/20 23:00:00,A,NR,M,TOTAL,C00-C14,SI,2003,110,
ESTAT:HLTH_CD_ANR(1.0),17/04/20 23:00:00,A,NR,M,TOTAL,C00-C14,SI,2004,91,
ESTAT:HLTH_CD_ANR(1.0),17/04/20 23:00:00,A,NR,M,TOTAL,C00-C14,SI,2005,114,
ESTAT:HLTH_CD_ANR(1.0),17/04/20 23:00:00,A,NR,M,TOTAL,C00-C14,SI,2006,125,
ESTAT:HLTH_CD_ANR(1.0),17/04/20 23:00:00,A,NR,M,TOTAL,C00-C14,SI,2007,127,
ESTAT:HLTH_CD_ANR(1.0),17/04/20 23:00:00,A,NR,M,TOTAL,C00-C14,SI,2008,141,
ESTAT:HLTH_CD_ANR(1.0),17/04/20 23:00:00,A,NR,M,TOTAL,C00-C14,SI,2009,134,
ESTAT:HLTH_CD_ANR(1.0),17/04/20 23:00:00,A,NR,M,TOTAL,C00-C14,SI,2010,138,
ESTAT:HLTH_CD_ANR(1.0),17/04/20 23:00:00,A,NR,M,TOTAL,C00-C14,SK,2001,551,
ESTAT:HLTH_CD_ANR(1.0),17/04/20 23:00:00,A,NR,M,TOTAL,C00-C14,SK,2002,504,
ESTAT:HLTH_CD_ANR(1.0),17/04/20 23:00:00,A,NR,M,TOTAL,C00-C14,SK,2003,574,
ESTAT:HLTH_CD_ANR(1.0),17/04/20 23:00:00,A,NR,M,TOTAL,C00-C14,SK,2004,551,
ESTAT:HLTH_CD_ANR(1.0),17/04/20 23:00:00,A,NR,M,TOTAL,C00-C14,SK,2005,529,
ESTAT:HLTH_CD_ANR(1.0),17/04/20 23:00:00,A,NR,M,TOTAL,C00-C14,SK,2006,543,
ESTAT:HLTH_CD_ANR(1.0),17/04/20 23:00:00,A,NR,M,TOTAL,C00-C14,SK,2007,564,
ESTAT:HLTH_CD_ANR(1.0),17/04/20 23:00:00,A,NR,M,TOTAL,C00-C14,SK,2008,531,
ESTAT:HLTH_CD_ANR(1.0),17/04/20 23:00:00,A,NR,M,TOTAL,C00-C14,SK,2009,545,
ESTAT:HLTH_CD_ANR(1.0),17/04/20 23:00:00,A,NR,M,TOTAL,C00-C14,SK,2010,563,
ESTAT:HLTH_CD_ANR(1.0),17/04/20 23:00:00,A,NR,M,TOTAL,C00-C14,UK,2001,1291,
ESTAT:HLTH_CD_ANR(1.0),17/04/20 23:00:00,A,NR,M,TOTAL,C00-C14,UK,2002,1294,
ESTAT:HLTH_CD_ANR(1.0),17/04/20 23:00:00,A,NR,M,TOTAL,C00-C14,UK,2003,1210,
ESTAT:HLTH_CD_ANR(1.0),17/04/20 23:00:00,A,NR,M,TOTAL,C00-C14,UK,2004,1343,
ESTAT:HLTH_CD_ANR(1.0),17/04/20 23:00:00,A,NR,M,TOTAL,C00-C14,UK,2005,1317,
ESTAT:HLTH_CD_ANR(1.0),17/04/20 23:00:00,A,NR,M,TOTAL,C00-C14,UK,2006,1299,
ESTAT:HLTH_CD_ANR(1.0),17/04/20 23:00:00,A,NR,M,TOTAL,C00-C14,UK,2007,1461,
ESTAT:HLTH_CD_ANR(1.0),17/04/20 23:00:00,A,NR,M,TOTAL,C00-C14,UK,2008,1352,
ESTAT:HLTH_CD_ANR(1.0),17/04/20 23:00:00,A,NR,M,TOTAL,C00-C14,UK,2009,1481,
ESTAT:HLTH_CD_ANR(1.0),17/04/20 23:00:00,A,NR,M,TOTAL,C00-C14,UK,2010,1545,
ESTAT:HLTH_CD_ANR(1.0),17/04/20 23:00:00,A,NR,T,TOTAL,C00-C14,AL,2001,45,
ESTAT:HLTH_CD_ANR(1.0),17/04/20 23:00:00,A,NR,T,TOTAL,C00-C14,AL,2002,56,
ESTAT:HLTH_CD_ANR(1.0),17/04/20 23:00:00,A,NR,T,TOTAL,C00-C14,AL,2003,69,
ESTAT:HLTH_CD_ANR(1.0),17/04/20 23:00:00,A,NR,T,TOTAL,C00-C14,AL,2004,71,
ESTAT:HLTH_CD_ANR(1.0),17/04/20 23:00:00,A,NR,T,TOTAL,C00-C14,AL,2010,32,
ESTAT:HLTH_CD_ANR(1.0),17/04/20 23:00:00,A,NR,T,TOTAL,C00-C14,AT,2001,461,
ESTAT:HLTH_CD_ANR(1.0),17/04/20 23:00:00,A,NR,T,TOTAL,C00-C14,AT,2002,473,
ESTAT:HLTH_CD_ANR(1.0),17/04/20 23:00:00,A,NR,T,TOTAL,C00-C14,AT,2003,473,
ESTAT:HLTH_CD_ANR(1.0),17/04/20 23:00:00,A,NR,T,TOTAL,C00-C14,AT,2004,477,
ESTAT:HLTH_CD_ANR(1.0),17/04/20 23:00:00,A,NR,T,TOTAL,C00-C14,AT,2005,446,
ESTAT:HLTH_CD_ANR(1.0),17/04/20 23:00:00,A,NR,T,TOTAL,C00-C14,AT,2006,424,
ESTAT:HLTH_CD_ANR(1.0),17/04/20 23:00:00,A,NR,T,TOTAL,C00-C14,AT,2007,453,
ESTAT:HLTH_CD_ANR(1.0),17/04/20 23:00:00,A,NR,T,TOTAL,C00-C14,AT,2008,475,
ESTAT:HLTH_CD_ANR(1.0),17/04/20 23:00:00,A,NR,T,TOTAL,C00-C14,AT,2009,454,
ESTAT:HLTH_CD_ANR(1.0),17/04/20 23:00:00,A,NR,T,TOTAL,C00-C14,AT,2010,481,
ESTAT:HLTH_CD_ANR(1.0),17/04/20 23:00:00,A,NR,T,TOTAL,C00-C14,BE,2003,499,
ESTAT:HLTH_CD_ANR(1.0),17/04/20 23:00:00,A,NR,T,TOTAL,C00-C14,BE,2004,501,
ESTAT:HLTH_CD_ANR(1.0),17/04/20 23:00:00,A,NR,T,TOTAL,C00-C14,BE,2005,527,
ESTAT:HLTH_CD_ANR(1.0),17/04/20 23:00:00,A,NR,T,TOTAL,C00-C14,BE,2006,515,
ESTAT:HLTH_CD_ANR(1.0),17/04/20 23:00:00,A,NR,T,TOTAL,C00-C14,BE,2007,487,
ESTAT:HLTH_CD_ANR(1.0),17/04/20 23:00:00,A,NR,T,TOTAL,C00-C14,BE,2008,537,
ESTAT:HLTH_CD_ANR(1.0),17/04/20 23:00:00,A,NR,T,TOTAL,C00-C14,BE,2009,521,
ESTAT:HLTH_CD_ANR(1.0),17/04/20 23:00:00,A,NR,T,TOTAL,C00-C14,BE,2010,521,
ESTAT:HLTH_CD_ANR(1.0),17/04/20 23:00:00,A,NR,T,TOTAL,C00-C14,BG,2001,371,
ESTAT:HLTH_CD_ANR(1.0),17/04/20 23:00:00,A,NR,T,TOTAL,C00-C14,BG,2002,341,
ESTAT:HLTH_CD_ANR(1.0),17/04/20 23:00:00,A,NR,T,TOTAL,C00-C14,BG,2003,317,
ESTAT:HLTH_CD_ANR(1.0),17/04/20 23:00:00,A,NR,T,TOTAL,C00-C14,BG,2004,320,
ESTAT:HLTH_CD_ANR(1.0),17/04/20 23:00:00,A,NR,T,TOTAL,C00-C14,BG,2005,443,
ESTAT:HLTH_CD_ANR(1.0),17/04/20 23:00:00,A,NR,T,TOTAL,C00-C14,BG,2006,525,
ESTAT:HLTH_CD_ANR(1.0),17/04/20 23:00:00,A,NR,T,TOTAL,C00-C14,BG,2007,462,
ESTAT:HLTH_CD_ANR(1.0),17/04/20 23:00:00,A,NR,T,TOTAL,C00-C14,BG,2008,387,
ESTAT:HLTH_CD_ANR(1.0),17/04/20 23:00:00,A,NR,T,TOTAL,C00-C14,BG,2009,404,
ESTAT:HLTH_CD_ANR(1.0),17/04/20 23:00:00,A,NR,T,TOTAL,C00-C14,BG,2010,351,
ESTAT:HLTH_CD_ANR(1.0),17/04/20 23:00:00,A,NR,T,TOTAL,C00-C14,CH,2001,363,
ESTAT:HLTH_CD_ANR(1.0),17/04/20 23:00:00,A,NR,T,TOTAL,C00-C14,CH,2002,363,
ESTAT:HLTH_CD_ANR(1.0),17/04/20 23:00:00,A,NR,T,TOTAL,C00-C14,CH,2003,331,
ESTAT:HLTH_CD_ANR(1.0),17/04/20 23:00:00,A,NR,T,TOTAL,C00-C14,CH,2004,326,
ESTAT:HLTH_CD_ANR(1.0),17/04/20 23:00:00,A,NR,T,TOTAL,C00-C14,CH,2005,392,
ESTAT:HLTH_CD_ANR(1.0),17/04/20 23:00:00,A,NR,T,TOTAL,C00-C14,CH,2006,379,
ESTAT:HLTH_CD_ANR(1.0),17/04/20 23:00:00,A,NR,T,TOTAL,C00-C14,CH,2007,375,
ESTAT:HLTH_CD_ANR(1.0),17/04/20 23:00:00,A,NR,T,TOTAL,C00-C14,CH,2008,355,
ESTAT:HLTH_CD_ANR(1.0),17/04/20 23:00:00,A,NR,T,TOTAL,C00-C14,CH,2009,363,
ESTAT:HLTH_CD_ANR(1.0),17/04/20 23:00:00,A,NR,T,TOTAL,C00-C14,CH,2010,392,
ESTAT:HLTH_CD_ANR(1.0),17/04/20 23:00:00,A,NR,T,TOTAL,C00-C14,CY,2004,8,
ESTAT:HLTH_CD_ANR(1.0),17/04/20 23:00:00,A,NR,T,TOTAL,C00-C14,CY,2005,4,
ESTAT:HLTH_CD_ANR(1.0),17/04/20 23:00:00,A,NR,T,TOTAL,C00-C14,CY,2006,7,
ESTAT:HLTH_CD_ANR(1.0),17/04/20 23:00:00,A,NR,T,TOTAL,C00-C14,CY,2007,9,
ESTAT:HLTH_CD_ANR(1.0),17/04/20 23:00:00,A,NR,T,TOTAL,C00-C14,CY,2008,8,
ESTAT:HLTH_CD_ANR(1.0),17/04/20 23:00:00,A,NR,T,TOTAL,C00-C14,CY,2009,14,
ESTAT:HLTH_CD_ANR(1.0),17/04/20 23:00:00,A,NR,T,TOTAL,C00-C14,CY,2010,11,
ESTAT:HLTH_CD_ANR(1.0),17/04/20 23:00:00,A,NR,T,TOTAL,C00-C14,CZ,2001,590,
ESTAT:HLTH_CD_ANR(1.0),17/04/20 23:00:00,A,NR,T,TOTAL,C00-C14,CZ,2002,640,
ESTAT:HLTH_CD_ANR(1.0),17/04/20 23:00:00,A,NR,T,TOTAL,C00-C14,CZ,2003,644,
ESTAT:HLTH_CD_ANR(1.0),17/04/20 23:00:00,A,NR,T,TOTAL,C00-C14,CZ,2004,656,
ESTAT:HLTH_CD_ANR(1.0),17/04/20 23:00:00,A,NR,T,TOTAL,C00-C14,CZ,2005,639,
ESTAT:HLTH_CD_ANR(1.0),17/04/20 23:00:00,A,NR,T,TOTAL,C00-C14,CZ,2006,669,
ESTAT:HLTH_CD_ANR(1.0),17/04/20 23:00:00,A,NR,T,TOTAL,C00-C14,CZ,2007,666,
ESTAT:HLTH_CD_ANR(1.0),17/04/20 23:00:00,A,NR,T,TOTAL,C00-C14,CZ,2008,725,
ESTAT:HLTH_CD_ANR(1.0),17/04/20 23:00:00,A,NR,T,TOTAL,C00-C14,CZ,2009,643,
ESTAT:HLTH_CD_ANR(1.0),17/04/20 23:00:00,A,NR,T,TOTAL,C00-C14,CZ,2010,670,
ESTAT:HLTH_CD_ANR(1.0),17/04/20 23:00:00,A,NR,T,TOTAL,C00-C14,DE,2001,4851,
ESTAT:HLTH_CD_ANR(1.0),17/04/20 23:00:00,A,NR,T,TOTAL,C00-C14,DE,2002,4697,
ESTAT:HLTH_CD_ANR(1.0),17/04/20 23:00:00,A,NR,T,TOTAL,C00-C14,DE,2003,4786,
ESTAT:HLTH_CD_ANR(1.0),17/04/20 23:00:00,A,NR,T,TOTAL,C00-C14,DE,2004,4444,
ESTAT:HLTH_CD_ANR(1.0),17/04/20 23:00:00,A,NR,T,TOTAL,C00-C14,DE,2005,4819,
ESTAT:HLTH_CD_ANR(1.0),17/04/20 23:00:00,A,NR,T,TOTAL,C00-C14,DE,2006,4734,
ESTAT:HLTH_CD_ANR(1.0),17/04/20 23:00:00,A,NR,T,TOTAL,C00-C14,DE,2007,4778,
ESTAT:HLTH_CD_ANR(1.0),17/04/20 23:00:00,A,NR,T,TOTAL,C00-C14,DE,2008,4946,
ESTAT:HLTH_CD_ANR(1.0),17/04/20 23:00:00,A,NR,T,TOTAL,C00-C14,DE,2009,4982,
ESTAT:HLTH_CD_ANR(1.0),17/04/20 23:00:00,A,NR,T,TOTAL,C00-C14,DE,2010,5020,
ESTAT:HLTH_CD_ANR(1.0),17/04/20 23:00:00,A,NR,T,TOTAL,C00-C14,DK,2001,281,
ESTAT:HLTH_CD_ANR(1.0),17/04/20 23:00:00,A,NR,T,TOTAL,C00-C14,DK,2002,287,
ESTAT:HLTH_CD_ANR(1.0),17/04/20 23:00:00,A,NR,T,TOTAL,C00-C14,DK,2003,320,
ESTAT:HLTH_CD_ANR(1.0),17/04/20 23:00:00,A,NR,T,TOTAL,C00-C14,DK,2004,283,
ESTAT:HLTH_CD_ANR(1.0),17/04/20 23:00:00,A,NR,T,TOTAL,C00-C14,DK,2005,322,
ESTAT:HLTH_CD_ANR(1.0),17/04/20 23:00:00,A,NR,T,TOTAL,C00-C14,DK,2006,299,
ESTAT:HLTH_CD_ANR(1.0),17/04/20 23:00:00,A,NR,T,TOTAL,C00-C14,DK,2007,326,
ESTAT:HLTH_CD_ANR(1.0),17/04/20 23:00:00,A,NR,T,TOTAL,C00-C14,DK,2008,326,
ESTAT:HLTH_CD_ANR(1.0),17/04/20 23:00:00,A,NR,T,TOTAL,C00-C14,DK,2009,314,
ESTAT:HLTH_CD_ANR(1.0),17/04/20 23:00:00,A,NR,T,TOTAL,C00-C14,EE,2001,119,
ESTAT:HLTH_CD_ANR(1.0),17/04/20 23:00:00,A,NR,T,TOTAL,C00-C14,EE,2002,107,
ESTAT:HLTH_CD_ANR(1.0),17/04/20 23:00:00,A,NR,T,TOTAL,C00-C14,EE,2003,78,
ESTAT:HLTH_CD_ANR(1.0),17/04/20 23:00:00,A,NR,T,TOTAL,C00-C14,EE,2004,83,
ESTAT:HLTH_CD_ANR(1.0),17/04/20 23:00:00,A,NR,T,TOTAL,C00-C14,EE,2005,114,
ESTAT:HLTH_CD_ANR(1.0),17/04/20 23:00:00,A,NR,T,TOTAL,C00-C14,EE,2006,77,
ESTAT:HLTH_CD_ANR(1.0),17/04/20 23:00:00,A,NR,T,TOTAL,C00-C14,EE,2007,80,
ESTAT:HLTH_CD_ANR(1.0),17/04/20 23:00:00,A,NR,T,TOTAL,C00-C14,EE,2008,97,
ESTAT:HLTH_CD_ANR(1.0),17/04/20 23:00:00,A,NR,T,TOTAL,C00-C14,EE,2009,85,
ESTAT:HLTH_CD_ANR(1.0),17/04/20 23:00:00,A,NR,T,TOTAL,C00-C14,EE,2010,133,
ESTAT:HLTH_CD_ANR(1.0),17/04/20 23:00:00,A,NR,T,TOTAL,C00-C14,EL,2001,232,
ESTAT:HLTH_CD_ANR(1.0),17/04/20 23:00:00,A,NR,T,TOTAL,C00-C14,EL,2002,263,
ESTAT:HLTH_CD_ANR(1.0),17/04/20 23:00:00,A,NR,T,TOTAL,C00-C14,EL,2003,251,
ESTAT:HLTH_CD_ANR(1.0),17/04/20 23:00:00,A,NR,T,TOTAL,C00-C14,EL,2004,269,
ESTAT:HLTH_CD_ANR(1.0),17/04/20 23:00:00,A,NR,T,TOTAL,C00-C14,EL,2005,296,
ESTAT:HLTH_CD_ANR(1.0),17/04/20 23:00:00,A,NR,T,TOTAL,C00-C14,EL,2006,289,
ESTAT:HLTH_CD_ANR(1.0),17/04/20 23:00:00,A,NR,T,TOTAL,C00-C14,EL,2007,264,
ESTAT:HLTH_CD_ANR(1.0),17/04/20 23:00:00,A,NR,T,TOTAL,C00-C14,EL,2008,271,
ESTAT:HLTH_CD_ANR(1.0),17/04/20 23:00:00,A,NR,T,TOTAL,C00-C14,EL,2009,260,
ESTAT:HLTH_CD_ANR(1.0),17/04/20 23:00:00,A,NR,T,TOTAL,C00-C14,EL,2010,259,
ESTAT:HLTH_CD_ANR(1.0),17/04/20 23:00:00,A,NR,T,TOTAL,C00-C14,ES,2001,2186,
ESTAT:HLTH_CD_ANR(1.0),17/04/20 23:00:00,A,NR,T,TOTAL,C00-C14,ES,2002,2224,
ESTAT:HLTH_CD_ANR(1.0),17/04/20 23:00:00,A,NR,T,TOTAL,C00-C14,ES,2003,2201,
ESTAT:HLTH_CD_ANR(1.0),17/04/20 23:00:00,A,NR,T,TOTAL,C00-C14,ES,2004,2228,
ESTAT:HLTH_CD_ANR(1.0),17/04/20 23:00:00,A,NR,T,TOTAL,C00-C14,ES,2005,2198,
ESTAT:HLTH_CD_ANR(1.0),17/04/20 23:00:00,A,NR,T,TOTAL,C00-C14,ES,2006,2147,
ESTAT:HLTH_CD_ANR(1.0),17/04/20 23:00:00,A,NR,T,TOTAL,C00-C14,ES,2007,2204,
ESTAT:HLTH_CD_ANR(1.0),17/04/20 23:00:00,A,NR,T,TOTAL,C00-C14,ES,2008,2066,
ESTAT:HLTH_CD_ANR(1.0),17/04/20 23:00:00,A,NR,T,TOTAL,C00-C14,ES,2009,2154,
ESTAT:HLTH_CD_ANR(1.0),17/04/20 23:00:00,A,NR,T,TOTAL,C00-C14,ES,2010,2277,
ESTAT:HLTH_CD_ANR(1.0),17/04/20 23:00:00,A,NR,T,TOTAL,C00-C14,EU27_2020,2001,25351,e
ESTAT:HLTH_CD_ANR(1.0),17/04/20 23:00:00,A,NR,T,TOTAL,C00-C14,EU27_2020,2002,25429,e
ESTAT:HLTH_CD_ANR(1.0),17/04/20 23:00:00,A,NR,T,TOTAL,C00-C14,EU27_2020,2003,25220,
ESTAT:HLTH_CD_ANR(1.0),17/04/20 23:00:00,A,NR,T,TOTAL,C00-C14,EU27_2020,2004,24924,e
ESTAT:HLTH_CD_ANR(1.0),17/04/20 23:00:00,A,NR,T,TOTAL,C00-C14,EU27_2020,2005,25192,e
ESTAT:HLTH_CD_ANR(1.0),17/04/20 23:00:00,A,NR,T,TOTAL,C00-C14,EU27_2020,2006,25281,
ESTAT:HLTH_CD_ANR(1.0),17/04/20 23:00:00,A,NR,T,TOTAL,C00-C14,EU27_2020,2007,25500,
ESTAT:HLTH_CD_ANR(1.0),17/04/20 23:00:00,A,NR,T,TOTAL,C00-C14,EU27_2020,2008,25755,
ESTAT:HLTH_CD_ANR(1.0),17/04/20 23:00:00,A,NR,T,TOTAL,C00-C14,EU27_2020,2009,25673,
ESTAT:HLTH_CD_ANR(1.0),17/04/20 23:00:00,A,NR,T,TOTAL,C00-C14,EU27_2020,2010,26158,e
ESTAT:HLTH_CD_ANR(1.0),17/04/20 23:00:00,A,NR,T,TOTAL,C00-C14,EU28,2001,27325,e
ESTAT:HLTH_CD_ANR(1.0),17/04/20 23:00:00,A,NR,T,TOTAL,C00-C14,EU28,2002,27426,e
ESTAT:HLTH_CD_ANR(1.0),17/04/20 23:00:00,A,NR,T,TOTAL,C00-C14,EU28,2003,27112,
ESTAT:HLTH_CD_ANR(1.0),17/04/20 23:00:00,A,NR,T,TOTAL,C00-C14,EU28,2004,26941,e
ESTAT:HLTH_CD_ANR(1.0),17/04/20 23:00:00,A,NR,T,TOTAL,C00-C14,EU28,2005,27196,e
ESTAT:HLTH_CD_ANR(1.0),17/04/20 23:00:00,A,NR,T,TOTAL,C00-C14,EU28,2006,27288,
ESTAT:HLTH_CD_ANR(1.0),17/04/20 23:00:00,A,NR,T,TOTAL,C00-C14,EU28,2007,27648,
ESTAT:HLTH_CD_ANR(1.0),17/04/20 23:00:00,A,NR,T,TOTAL,C00-C14,EU28,2008,27877,
ESTAT:HLTH_CD_ANR(1.0),17/04/20 23:00:00,A,NR,T,TOTAL,C00-C14,EU28,2009,27937,
ESTAT:HLTH_CD_ANR(1.0),17/04/20 23:00:00,A,NR,T,TOTAL,C00-C14,EU28,2010,28489,e
ESTAT:HLTH_CD_ANR(1.0),17/04/20 23:00:00,A,NR,T,TOTAL,C00-C14,FI,2001,153,
ESTAT:HLTH_CD_ANR(1.0),17/04/20 23:00:00,A,NR,T,TOTAL,C00-C14,FI,2002,135,
ESTAT:HLTH_CD_ANR(1.0),17/04/20 23:00:00,A,NR,T,TOTAL,C00-C14,FI,2003,166,
ESTAT:HLTH_CD_ANR(1.0),17/04/20 23:00:00,A,NR,T,TOTAL,C00-C14,FI,2004,146,
ESTAT:HLTH_CD_ANR(1.0),17/04/20 23:00:00,A,NR,T,TOTAL,C00-C14,FI,2005,140,
ESTAT:HLTH_CD_ANR(1.0),17/04/20 23:00:00,A,NR,T,TOTAL,C00-C14,FI,2006,145,
ESTAT:HLTH_CD_ANR(1.0),17/04/20 23:00:00,A,NR,T,TOTAL,C00-C14,FI,2007,152,
ESTAT:HLTH_CD_ANR(1.0),17/04/20 23:00:00,A,NR,T,TOTAL,C00-C14,FI,2008,166,
ESTAT:HLTH_CD_ANR(1.0),17/04/20 23:00:00,A,NR,T,TOTAL,C00-C14,FI,2009,178,
ESTAT:HLTH_CD_ANR(1.0),17/04/20 23:00:00,A,NR,T,TOTAL,C00-C14,FI,2010,192,
ESTAT:HLTH_CD_ANR(1.0),17/04/20 23:00:00,A,NR,T,TOTAL,C00-C14,FR,2001,4493,
ESTAT:HLTH_CD_ANR(1.0),17/04/20 23:00:00,A,NR,T,TOTAL,C00-C14,FR,2002,4630,
ESTAT:HLTH_CD_ANR(1.0),17/04/20 23:00:00,A,NR,T,TOTAL,C00-C14,FR,2003,4342,
ESTAT:HLTH_CD_ANR(1.0),17/04/20 23:00:00,A,NR,T,TOTAL,C00-C14,FR,2004,4363,
ESTAT:HLTH_CD_ANR(1.0),17/04/20 23:00:00,A,NR,T,TOTAL,C00-C14,FR,2005,4196,
ESTAT:HLTH_CD_ANR(1.0),17/04/20 23:00:00,A,NR,T,TOTAL,C00-C14,FR,2006,4207,
ESTAT:HLTH_CD_ANR(1.0),17/04/20 23:00:00,A,NR,T,TOTAL,C00-C14,FR,2007,4050,
ESTAT:HLTH_CD_ANR(1.0),17/04/20 23:00:00,A,NR,T,TOTAL,C00-C14,FR,2008,3979,
ESTAT:HLTH_CD_ANR(1.0),17/04/20 23:00:00,A,NR,T,TOTAL,C00-C14,FR,2009,3949,
ESTAT:HLTH_CD_ANR(1.0),17/04/20 23:00:00,A,NR,T,TOTAL,C00-C14,FR,2010,4156,
ESTAT:HLTH_CD_ANR(1.0),17/04/20 23:00:00,A,NR,T,TOTAL,C00-C14,FX,2001,4408,
ESTAT:HLTH_CD_ANR(1.0),17/04/20 23:00:00,A,NR,T,TOTAL,C00-C14,FX,2002,4544,
ESTAT:HLTH_CD_ANR(1.0),17/04/20 23:00:00,A,NR,T,TOTAL,C00-C14,FX,2003,4262,
ESTAT:HLTH_CD_ANR(1.0),17/04/20 23:00:00,A,NR,T,TOTAL,C00-C14,FX,2004,4265,
ESTAT:HLTH_CD_ANR(1.0),17/04/20 23:00:00,A,NR,T,TOTAL,C00-C14,FX,2005,4104,
ESTAT:HLTH_CD_ANR(1.0),17/04/20 23:00:00,A,NR,T,TOTAL,C00-C14,FX,2006,4118,
ESTAT:HLTH_CD_ANR(1.0),17/04/20 23:00:00,A,NR,T,TOTAL,C00-C14,FX,2007,3964,
ESTAT:HLTH_CD_ANR(1.0),17/04/20 23:00:00,A,NR,T,TOTAL,C00-C14,FX,2008,3904,
ESTAT:HLTH_CD_ANR(1.0),17/04/20 23:00:00,A,NR,T,TOTAL,C00-C14,FX,2009,3870,
ESTAT:HLTH_CD_ANR(1.0),17/04/20 23:00:00,A,NR,T,TOTAL,C00-C14,FX,2010,4065,
ESTAT:HLTH_CD_ANR(1.0),17/04/20 23:00:00,A,NR,T,TOTAL,C00-C14,HR,2001,354,
ESTAT:HLTH_CD_ANR(1.0),17/04/20 23:00:00,A,NR,T,TOTAL,C00-C14,HR,2002,364,
ESTAT:HLTH_CD_ANR(1.0),17/04/20 23:00:00,A,NR,T,TOTAL,C00-C14,HR,2003,406,
ESTAT:HLTH_CD_ANR(1.0),17/04/20 23:00:00,A,NR,T,TOTAL,C00-C14,HR,2004,372,
ESTAT:HLTH_CD_ANR(1.0),17/04/20 23:00:00,A,NR,T,TOTAL,C00-C14,HR,2005,384,
ESTAT:HLTH_CD_ANR(1.0),17/04/20 23:00:00,A,NR,T,TOTAL,C00-C14,HR,2006,362,
ESTAT:HLTH_CD_ANR(1.0),17/04/20 23:00:00,A,NR,T,TOTAL,C00-C14,HR,2007,363,
ESTAT:HLTH_CD_ANR(1.0),17/04/20 23:00:00,A,NR,T,TOTAL,C00-C14,HR,2008,401,
ESTAT:HLTH_CD_ANR(1.0),17/04/20 23:00:00,A,NR,T,TOTAL,C00-C14,HR,2009,377,
ESTAT:HLTH_CD_ANR(1.0),17/04/20 23:00:00,A,NR,T,TOTAL,C00-C14,HR,2010,326,
ESTAT:HLTH_CD_ANR(1.0),17/04/20 23:00:00,A,NR,T,TOTAL,C00-C14,HU,2001,1737,
ESTAT:HLTH_CD_ANR(1.0),17/04/20 23:00:00,A,NR,T,TOTAL,C00-C14,HU,2002,1717,
ESTAT:HLTH_CD_ANR(1.0),17/04/20 23:00:00,A,NR,T,TOTAL,C00-C14,HU,2003,1760,
ESTAT:HLTH_CD_ANR(1.0),17/04/20 23:00:00,A,NR,T,TOTAL,C00-C14,HU,2004,1690,
ESTAT:HLTH_CD_ANR(1.0),17/04/20 23:00:00,A,NR,T,TOTAL,C00-C14,HU,2005,1567,
ESTAT:HLTH_CD_ANR(1.0),17/04/20 23:00:00,A,NR,T,TOTAL,C00-C14,HU,2006,1585,
ESTAT:HLTH_CD_ANR(1.0),17/04/20 23:00:00,A,NR,T,TOTAL,C00-C14,HU,2007,1581,
ESTAT:HLTH_CD_ANR(1.0),17/04/20 23:00:00,A,NR,T,TOTAL,C00-C14,HU,2008,1651,
ESTAT:HLTH_CD_ANR(1.0),17/04/20 23:00:00,A,NR,T,TOTAL,C00-C14,HU,2009,1521,
ESTAT:HLTH_CD_ANR(1.0),17/04/20 23:00:00,A,NR,T,TOTAL,C00-C14,HU,2010,1524,
ESTAT:HLTH_CD_ANR(1.0),17/04/20 23:00:00,A,NR,T,TOTAL,C00-C14,IE,2001,119,
ESTAT:HLTH_CD_ANR(1.0),17/04/20 23:00:00,A,NR,T,TOTAL,C00-C14,IE,2002,124,
ESTAT:HLTH_CD_ANR(1.0),17/04/20 23:00:00,A,NR,T,TOTAL,C00-C14,IE,2003,128,
ESTAT:HLTH_CD_ANR(1.0),17/04/20 23:00:00,A,NR,T,TOTAL,C00-C14,IE,2004,124,
ESTAT:HLTH_CD_ANR(1.0),17/04/20 23:00:00,A,NR,T,TOTAL,C00-C14,IE,2005,136,
ESTAT:HLTH_CD_ANR(1.0),17/04/20 23:00:00,A,NR,T,TOTAL,C00-C14,IE,2006,140,
ESTAT:HLTH_CD_ANR(1.0),17/04/20 23:00:00,A,NR,T,TOTAL,C00-C14,IE,2007,126,
ESTAT:HLTH_CD_ANR(1.0),17/04/20 23:00:00,A,NR,T,TOTAL,C00-C14,IE,2008,123,
ESTAT:HLTH_CD_ANR(1.0),17/04/20 23:00:00,A,NR,T,TOTAL,C00-C14,IE,2009,127,
ESTAT:HLTH_CD_ANR(1.0),17/04/20 23:00:00,A,NR,T,TOTAL,C00-C14,IE,2010,127,
ESTAT:HLTH_CD_ANR(1.0),17/04/20 23:00:00,A,NR,T,TOTAL,C00-C14,IS,2001,10,
ESTAT:HLTH_CD_ANR(1.0),17/04/20 23:00:00,A,NR,T,TOTAL,C00-C14,IS,2002,9,
ESTAT:HLTH_CD_ANR(1.0),17/04/20 23:00:00,A,NR,T,TOTAL,C00-C14,IS,2003,10,
ESTAT:HLTH_CD_ANR(1.0),17/04/20 23:00:00,A,NR,T,TOTAL,C00-C14,IS,2004,9,
ESTAT:HLTH_CD_ANR(1.0),17/04/20 23:00:00,A,NR,T,TOTAL,C00-C14,IS,2005,2,
ESTAT:HLTH_CD_ANR(1.0),17/04/20 23:00:00,A,NR,T,TOTAL,C00-C14,IS,2006,8,
ESTAT:HLTH_CD_ANR(1.0),17/04/20 23:00:00,A,NR,T,TOTAL,C00-C14,IS,2007,6,
ESTAT:HLTH_CD_ANR(1.0),17/04/20 23:00:00,A,NR,T,TOTAL,C00-C14,IS,2008,7,
ESTAT:HLTH_CD_ANR(1.0),17/04/20 23:00:00,A,NR,T,TOTAL,C00-C14,IS,2009,11,
ESTAT:HLTH_CD_ANR(1.0),17/04/20 23:00:00,A,NR,T,TOTAL,C00-C14,IT,2001,2886,
ESTAT:HLTH_CD_ANR(1.0),17/04/20 23:00:00,A,NR,T,TOTAL,C00-C14,IT,2002,2860,
ESTAT:HLTH_CD_ANR(1.0),17/04/20 23:00:00,A,NR,T,TOTAL,C00-C14,IT,2003,2746,
ESTAT:HLTH_CD_ANR(1.0),17/04/20 23:00:00,A,NR,T,TOTAL,C00-C14,IT,2006,2745,
ESTAT:HLTH_CD_ANR(1.0),17/04/20 23:00:00,A,NR,T,TOTAL,C00-C14,IT,2007,2801,
ESTAT:HLTH_CD_ANR(1.0),17/04/20 23:00:00,A,NR,T,TOTAL,C00-C14,IT,2008,2755,
ESTAT:HLTH_CD_ANR(1.0),17/04/20 23:00:00,A,NR,T,TOTAL,C00-C14,IT,2009,2687,
ESTAT:HLTH_CD_ANR(1.0),17/04/20 23:00:00,A,NR,T,TOTAL,C00-C14,IT,2010,2745,
ESTAT:HLTH_CD_ANR(1.0),17/04/20 23:00:00,A,NR,T,TOTAL,C00-C14,LT,2001,261,
ESTAT:HLTH_CD_ANR(1.0),17/04/20 23:00:00,A,NR,T,TOTAL,C00-C14,LT,2002,277,
ESTAT:HLTH_CD_ANR(1.0),17/04/20 23:00:00,A,NR,T,TOTAL,C00-C14,LT,2003,214,
ESTAT:HLTH_CD_ANR(1.0),17/04/20 23:00:00,A,NR,T,TOTAL,C00-C14,LT,2004,235,
ESTAT:HLTH_CD_ANR(1.0),17/04/20 23:00:00,A,NR,T,TOTAL,C00-C14,LT,2005,250,
ESTAT:HLTH_CD_ANR(1.0),17/04/20 23:00:00,A,NR,T,TOTAL,C00-C14,LT,2006,236,
ESTAT:HLTH_CD_ANR(1.0),17/04/20 23:00:00,A,NR,T,TOTAL,C00-C14,LT,2007,237,
ESTAT:HLTH_CD_ANR(1.0),17/04/20 23:00:00,A,NR,T,TOTAL,C00-C14,LT,2008,233,
ESTAT:HLTH_CD_ANR(1.0),17/04/20 23:00:00,A,NR,T,TOTAL,C00-C14,LT,2009,256,
ESTAT:HLTH_CD_ANR(1.0),17/04/20 23:00:00,A,NR,T,TOTAL,C00-C14,LT,2010,275,
ESTAT:HLTH_CD_ANR(1.0),17/04/20 23:00:00,A,NR,T,TOTAL,C00-C14,LU,2001,26,
ESTAT:HLTH_CD_ANR(1.0),17/04/20 23:00:00,A,NR,T,TOTAL,C00-C14,LU,2002,30,
ESTAT:HLTH_CD_ANR(1.0),17/04/20 23:00:00,A,NR,T,TOTAL,C00-C14,LU,2003,29,
ESTAT:HLTH_CD_ANR(1.0),17/04/20 23:00:00,A,NR,T,TOTAL,C00-C14,LU,2004,30,
ESTAT:HLTH_CD_ANR(1.0),17/04/20 23:00:00,A,NR,T,TOTAL,C00-C14,LU,2005,13,
ESTAT:HLTH_CD_ANR(1.0),17/04/20 23:00:00,A,NR,T,TOTAL,C00-C14,LU,2006,20,
ESTAT:HLTH_CD_ANR(1.0),17/04/20 23:00:00,A,NR,T,TOTAL,C00-C14,LU,2007,14,
ESTAT:HLTH_CD_ANR(1.0),17/04/20 23:00:00,A,NR,T,TOTAL,C00-C14,LU,2008,16,
ESTAT:HLTH_CD_ANR(1.0),17/04/20 23:00:00,A,NR,T,TOTAL,C00-C14,LU,2009,20,
ESTAT:HLTH_CD_ANR(1.0),17/04/20 23:00:00,A,NR,T,TOTAL,C00-C14,LU,2010,13,
ESTAT:HLTH_CD_ANR(1.0),17/04/20 23:00:00,A,NR,T,TOTAL,C00-C14,LV,2001,133,
ESTAT:HLTH_CD_ANR(1.0),17/04/20 23:00:00,A,NR,T,TOTAL,C00-C14,LV,2002,136,
ESTAT:HLTH_CD_ANR(1.0),17/04/20 23:00:00,A,NR,T,TOTAL,C00-C14,LV,2003,159,
ESTAT:HLTH_CD_ANR(1.0),17/04/20 23:00:00,A,NR,T,TOTAL,C00-C14,LV,2004,161,
ESTAT:HLTH_CD_ANR(1.0),17/04/20 23:00:00,A,NR,T,TOTAL,C00-C14,LV,2005,151,
ESTAT:HLTH_CD_ANR(1.0),17/04/20 23:00:00,A,NR,T,TOTAL,C00-C14,LV,2006,136,
ESTAT:HLTH_CD_ANR(1.0),17/04/20 23:00:00,A,NR,T,TOTAL,C00-C14,LV,2007,164,
ESTAT:HLTH_CD_ANR(1.0),17/04/20 23:00:00,A,NR,T,TOTAL,C00-C14,LV,2008,132,
ESTAT:HLTH_CD_ANR(1.0),17/04/20 23:00:00,A,NR,T,TOTAL,C00-C14,LV,2009,163,
ESTAT:HLTH_CD_ANR(1.0),17/04/20 23:00:00,A,NR,T,TOTAL,C00-C14,LV,2010,149,
ESTAT:HLTH_CD_ANR(1.0),17/04/20 23:00:00,A,NR,T,TOTAL,C00-C14,MK,2001,53,
ESTAT:HLTH_CD_ANR(1.0),17/04/20 23:00:00,A,NR,T,TOTAL,C00-C14,MK,2002,44,
ESTAT:HLTH_CD_ANR(1.0),17/04/20 23:00:00,A,NR,T,TOTAL,C00-C14,MK,2003,46,
ESTAT:HLTH_CD_ANR(1.0),17/04/20 23:00:00,A,NR,T,TOTAL,C00-C14,MK,2004,70,
ESTAT:HLTH_CD_ANR(1.0),17/04/20 23:00:00,A,NR,T,TOTAL,C00-C14,MK,2005,64,
ESTAT:HLTH_CD_ANR(1.0),17/04/20 23:00:00,A,NR,T,TOTAL,C00-C14,MK,2006,56,
ESTAT:HLTH_CD_ANR(1.0),17/04/20 23:00:00,A,NR,T,TOTAL,C00-C14,MK,2007,54,
ESTAT:HLTH_CD_ANR(1.0),17/04/20 23:00:00,A,NR,T,TOTAL,C00-C14,MK,2008,62,
ESTAT:HLTH_CD_ANR(1.0),17/04/20 23:00:00,A,NR,T,TOTAL,C00-C14,MK,2009,48,
ESTAT:HLTH_CD_ANR(1.0),17/04/20 23:00:00,A,NR,T,TOTAL,C00-C14,MK,2010,48,
ESTAT:HLTH_CD_ANR(1.0),17/04/20 23:00:00,A,NR,T,TOTAL,C00-C14,MT,2001,12,
ESTAT:HLTH_CD_ANR(1.0),17/04/20 23:00:00,A,NR,T,TOTAL,C00-C14,MT,2002,6,
ESTAT:HLTH_CD_ANR(1.0),17/04/20 23:00:00,A,NR,T,TOTAL,C00-C14,MT,2003,9,
ESTAT:HLTH_CD_ANR(1.0),17/04/20 23:00:00,A,NR,T,TOTAL,C00-C14,MT,2004,14,
ESTAT:HLTH_CD_ANR(1.0),17/04/20 23:00:00,A,NR,T,TOTAL,C00-C14,MT,2005,13,
ESTAT:HLTH_CD_ANR(1.0),17/04/20 23:00:00,A,NR,T,TOTAL,C00-C14,MT,2006,18,
ESTAT:HLTH_CD_ANR(1.0),17/04/20 23:00:00,A,NR,T,TOTAL,C00-C14,MT,2007,18,
ESTAT:HLTH_CD_ANR(1.0),17/04/20 23:00:00,A,NR,T,TOTAL,C00-C14,MT,2008,19,
ESTAT:HLTH_CD_ANR(1.0),17/04/20 23:00:00,A,NR,T,TOTAL,C00-C14,MT,2009,20,
ESTAT:HLTH_CD_ANR(1.0),17/04/20 23:00:00,A,NR,T,TOTAL,C00-C14,MT,2010,19,
ESTAT:HLTH_CD_ANR(1.0),17/04/20 23:00:00,A,NR,T,TOTAL,C00-C14,NL,2001,508,
ESTAT:HLTH_CD_ANR(1.0),17/04/20 23:00:00,A,NR,T,TOTAL,C00-C14,NL,2002,547,
ESTAT:HLTH_CD_ANR(1.0),17/04/20 23:00:00,A,NR,T,TOTAL,C00-C14,NL,2003,566,
ESTAT:HLTH_CD_ANR(1.0),17/04/20 23:00:00,A,NR,T,TOTAL,C00-C14,NL,2004,569,
ESTAT:HLTH_CD_ANR(1.0),17/04/20 23:00:00,A,NR,T,TOTAL,C00-C14,NL,2005,538,
ESTAT:HLTH_CD_ANR(1.0),17/04/20 23:00:00,A,NR,T,TOTAL,C00-C14,NL,2006,554,
ESTAT:HLTH_CD_ANR(1.0),17/04/20 23:00:00,A,NR,T,TOTAL,C00-C14,NL,2007,535,
ESTAT:HLTH_CD_ANR(1.0),17/04/20 23:00:00,A,NR,T,TOTAL,C00-C14,NL,2008,557,
ESTAT:HLTH_CD_ANR(1.0),17/04/20 23:00:00,A,NR,T,TOTAL,C00-C14,NL,2009,630,
ESTAT:HLTH_CD_ANR(1.0),17/04/20 23:00:00,A,NR,T,TOTAL,C00-C14,NL,2010,609,
ESTAT:HLTH_CD_ANR(1.0),17/04/20 23:00:00,A,NR,T,TOTAL,C00-C14,NO,2001,173,
ESTAT:HLTH_CD_ANR(1.0),17/04/20 23:00:00,A,NR,T,TOTAL,C00-C14,NO,2002,151,
ESTAT:HLTH_CD_ANR(1.0),17/04/20 23:00:00,A,NR,T,TOTAL,C00-C14,NO,2003,134,
ESTAT:HLTH_CD_ANR(1.0),17/04/20 23:00:00,A,NR,T,TOTAL,C00-C14,NO,2004,138,
ESTAT:HLTH_CD_ANR(1.0),17/04/20 23:00:00,A,NR,T,TOTAL,C00-C14,NO,2005,143,
ESTAT:HLTH_CD_ANR(1.0),17/04/20 23:00:00,A,NR,T,TOTAL,C00-C14,NO,2006,137,
ESTAT:HLTH_CD_ANR(1.0),17/04/20 23:00:00,A,NR,T,TOTAL,C00-C14,NO,2007,147,
ESTAT:HLTH_CD_ANR(1.0),17/04/20 23:00:00,A,NR,T,TOTAL,C00-C14,NO,2008,121,
ESTAT:HLTH_CD_ANR(1.0),17/04/20 23:00:00,A,NR,T,TOTAL,C00-C14,NO,2009,117,
ESTAT:HLTH_CD_ANR(1.0),17/04/20 23:00:00,A,NR,T,TOTAL,C00-C14,NO,2010,139,
ESTAT:HLTH_CD_ANR(1.0),17/04/20 23:00:00,A,NR,T,TOTAL,C00-C14,PL,2001,1767,
ESTAT:HLTH_CD_ANR(1.0),17/04/20 23:00:00,A,NR,T,TOTAL,C00-C14,PL,2002,1762,
ESTAT:HLTH_CD_ANR(1.0),17/04/20 23:00:00,A,NR,T,TOTAL,C00-C14,PL,2003,1857,
ESTAT:HLTH_CD_ANR(1.0),17/04/20 23:00:00,A,NR,T,TOTAL,C00-C14,PL,2004,1872,
ESTAT:HLTH_CD_ANR(1.0),17/04/20 23:00:00,A,NR,T,TOTAL,C00-C14,PL,2005,1886,
ESTAT:HLTH_CD_ANR(1.0),17/04/20 23:00:00,A,NR,T,TOTAL,C00-C14,PL,2006,1979,
ESTAT:HLTH_CD_ANR(1.0),17/04/20 23:00:00,A,NR,T,TOTAL,C00-C14,PL,2007,2110,
ESTAT:HLTH_CD_ANR(1.0),17/04/20 23:00:00,A,NR,T,TOTAL,C00-C14,PL,2008,2168,
ESTAT:HLTH_CD_ANR(1.0),17/04/20 23:00:00,A,NR,T,TOTAL,C00-C14,PL,2009,2186,
ESTAT:HLTH_CD_ANR(1.0),17/04/20 23:00:00,A,NR,T,TOTAL,C00-C14,PL,2010,2227,
ESTAT:HLTH_CD_ANR(1.0),17/04/20 23:00:00,A,NR,T,TOTAL,C00-C14,PT,2001,585,
ESTAT:HLTH_CD_ANR(1.0),17/04/20 23:00:00,A,NR,T,TOTAL,C00-C14,PT,2002,607,
ESTAT:HLTH_CD_ANR(1.0),17/04/20 23:00:00,A,NR,T,TOTAL,C00-C14,PT,2003,609,
ESTAT:HLTH_CD_ANR(1.0),17/04/20 23:00:00,A,NR,T,TOTAL,C00-C14,PT,2004,572,
ESTAT:HLTH_CD_ANR(1.0),17/04/20 23:00:00,A,NR,T,TOTAL,C00-C14,PT,2005,599,
ESTAT:HLTH_CD_ANR(1.0),17/04/20 23:00:00,A,NR,T,TOTAL,C00-C14,PT,2006,583,
ESTAT:HLTH_CD_ANR(1.0),17/04/20 23:00:00,A,NR,T,TOTAL,C00-C14,PT,2007,640,
ESTAT:HLTH_CD_ANR(1.0),17/04/20 23:00:00,A,NR,T,TOTAL,C00-C14,PT,2008,695,
ESTAT:HLTH_CD_ANR(1.0),17/04/20 23:00:00,A,NR,T,TOTAL,C00-C14,PT,2009,702,
ESTAT:HLTH_CD_ANR(1.0),17/04/20 23:00:00,A,NR,T,TOTAL,C00-C14,PT,2010,690,
ESTAT:HLTH_CD_ANR(1.0),17/04/20 23:00:00,A,NR,T,TOTAL,C00-C14,RO,2001,1635,
ESTAT:HLTH_CD_ANR(1.0),17/04/20 23:00:00,A,NR,T,TOTAL,C00-C14,RO,2002,1735,
ESTAT:HLTH_CD_ANR(1.0),17/04/20 23:00:00,A,NR,T,TOTAL,C00-C14,RO,2003,1634,
ESTAT:HLTH_CD_ANR(1.0),17/04/20 23:00:00,A,NR,T,TOTAL,C00-C14,RO,2004,1743,
ESTAT:HLTH_CD_ANR(1.0),17/04/20 23:00:00,A,NR,T,TOTAL,C00-C14,RO,2005,1745,
ESTAT:HLTH_CD_ANR(1.0),17/04/20 23:00:00,A,NR,T,TOTAL,C00-C14,RO,2006,1834,
ESTAT:HLTH_CD_ANR(1.0),17/04/20 23:00:00,A,NR,T,TOTAL,C00-C14,RO,2007,1885,
ESTAT:HLTH_CD_ANR(1.0),17/04/20 23:00:00,A,NR,T,TOTAL,C00-C14,RO,2008,1953,
ESTAT:HLTH_CD_ANR(1.0),17/04/20 23:00:00,A,NR,T,TOTAL,C00-C14,RO,2009,1978,
ESTAT:HLTH_CD_ANR(1.0),17/04/20 23:00:00,A,NR,T,TOTAL,C00-C14,RO,2010,1976,
ESTAT:HLTH_CD_ANR(1.0),17/04/20 23:00:00,A,NR,T,TOTAL,C00-C14,SE,2001,281,
ESTAT:HLTH_CD_ANR(1.0),17/04/20 23:00:00,A,NR,T,TOTAL,C00-C14,SE,2002,249,
ESTAT:HLTH_CD_ANR(1.0),17/04/20 23:00:00,A,NR,T,TOTAL,C00-C14,SE,2003,257,
ESTAT:HLTH_CD_ANR(1.0),17/04/20 23:00:00,A,NR,T,TOTAL,C00-C14,SE,2004,307,
ESTAT:HLTH_CD_ANR(1.0),17/04/20 23:00:00,A,NR,T,TOTAL,C00-C14,SE,2005,293,
ESTAT:HLTH_CD_ANR(1.0),17/04/20 23:00:00,A,NR,T,TOTAL,C00-C14,SE,2006,305,
ESTAT:HLTH_CD_ANR(1.0),17/04/20 23:00:00,A,NR,T,TOTAL,C00-C14,SE,2007,298,
ESTAT:HLTH_CD_ANR(1.0),17/04/20 23:00:00,A,NR,T,TOTAL,C00-C14,SE,2008,313,
ESTAT:HLTH_CD_ANR(1.0),17/04/20 23:00:00,A,NR,T,TOTAL,C00-C14,SE,2009,274,
ESTAT:HLTH_CD_ANR(1.0),17/04/20 23:00:00,A,NR,T,TOTAL,C00-C14,SE,2010,287,
ESTAT:HLTH_CD_ANR(1.0),17/04/20 23:00:00,A,NR,T,TOTAL,C00-C14,SI,2001,179,
ESTAT:HLTH_CD_ANR(1.0),17/04/20 23:00:00,A,NR,T,TOTAL,C00-C14,SI,2002,147,
ESTAT:HLTH_CD_ANR(1.0),17/04/20 23:00:00,A,NR,T,TOTAL,C00-C14,SI,2003,131,
ESTAT:HLTH_CD_ANR(1.0),17/04/20 23:00:00,A,NR,T,TOTAL,C00-C14,SI,2004,110,
ESTAT:HLTH_CD_ANR(1.0),17/04/20 23:00:00,A,NR,T,TOTAL,C00-C14,SI,2005,131,
ESTAT:HLTH_CD_ANR(1.0),17/04/20 23:00:00,A,NR,T,TOTAL,C00-C14,SI,2006,148,
ESTAT:HLTH_CD_ANR(1.0),17/04/20 23:00:00,A,NR,T,TOTAL,C00-C14,SI,2007,151,
ESTAT:HLTH_CD_ANR(1.0),17/04/20 23:00:00,A,NR,T,TOTAL,C00-C14,SI,2008,164,
ESTAT:HLTH_CD_ANR(1.0),17/04/20 23:00:00,A,NR,T,TOTAL,C00-C14,SI,2009,158,
ESTAT:HLTH_CD_ANR(1.0),17/04/20 23:00:00,A,NR,T,TOTAL,C00-C14,SI,2010,169,
ESTAT:HLTH_CD_ANR(1.0),17/04/20 23:00:00,A,NR,T,TOTAL,C00-C14,SK,2001,612,
ESTAT:HLTH_CD_ANR(1.0),17/04/20 23:00:00,A,NR,T,TOTAL,C00-C14,SK,2002,552,
ESTAT:HLTH_CD_ANR(1.0),17/04/20 23:00:00,A,NR,T,TOTAL,C00-C14,SK,2003,636,
ESTAT:HLTH_CD_ANR(1.0),17/04/20 23:00:00,A,NR,T,TOTAL,C00-C14,SK,2004,601,
ESTAT:HLTH_CD_ANR(1.0),17/04/20 23:00:00,A,NR,T,TOTAL,C00-C14,SK,2005,596,
ESTAT:HLTH_CD_ANR(1.0),17/04/20 23:00:00,A,NR,T,TOTAL,C00-C14,SK,2006,598,
ESTAT:HLTH_CD_ANR(1.0),17/04/20 23:00:00,A,NR,T,TOTAL,C00-C14,SK,2007,646,
ESTAT:HLTH_CD_ANR(1.0),17/04/20 23:00:00,A,NR,T,TOTAL,C00-C14,SK,2008,592,
ESTAT:HLTH_CD_ANR(1.0),17/04/20 23:00:00,A,NR,T,TOTAL,C00-C14,SK,2009,616,
ESTAT:HLTH_CD_ANR(1.0),17/04/20 23:00:00,A,NR,T,TOTAL,C00-C14,SK,2010,637,
ESTAT:HLTH_CD_ANR(1.0),17/04/20 23:00:00,A,NR,T,TOTAL,C00-C14,UK,2001,1974,
ESTAT:HLTH_CD_ANR(1.0),17/04/20 23:00:00,A,NR,T,TOTAL,C00-C14,UK,2002,1997,
ESTAT:HLTH_CD_ANR(1.0),17/04/20 23:00:00,A,NR,T,TOTAL,C00-C14,UK,2003,1892,
ESTAT:HLTH_CD_ANR(1.0),17/04/20 23:00:00,A,NR,T,TOTAL,C00-C14,UK,2004,2017,
ESTAT:HLTH_CD_ANR(1.0),17/04/20 23:00:00,A,NR,T,TOTAL,C00-C14,UK,2005,2004,
ESTAT:HLTH_CD_ANR(1.0),17/04/20 23:00:00,A,NR,T,TOTAL,C00-C14,UK,2006,2007,
ESTAT:HLTH_CD_ANR(1.0),17/04/20 23:00:00,A,NR,T,TOTAL,C00-C14,UK,2007,2148,
ESTAT:HLTH_CD_ANR(1.0),17/04/20 23:00:00,A,NR,T,TOTAL,C00-C14,UK,2008,2122,
ESTAT:HLTH_CD_ANR(1.0),17/04/20 23:00:00,A,NR,T,TOTAL,C00-C14,UK,2009,2264,
ESTAT:HLTH_CD_ANR(1.0),17/04/20 23:00:00,A,NR,T,TOTAL,C00-C14,UK,2010,2331,
